-- MySQL dump 10.13  Distrib 8.0.32, for Linux (aarch64)
--
-- Host: localhost    Database: batch
-- ------------------------------------------------------
-- Server version	8.0.32

/*!40101 SET @OLD_CHARACTER_SET_CLIENT=@@CHARACTER_SET_CLIENT */;
/*!40101 SET @OLD_CHARACTER_SET_RESULTS=@@CHARACTER_SET_RESULTS */;
/*!40101 SET @OLD_COLLATION_CONNECTION=@@COLLATION_CONNECTION */;
/*!50503 SET NAMES utf8mb4 */;
/*!40103 SET @OLD_TIME_ZONE=@@TIME_ZONE */;
/*!40103 SET TIME_ZONE='+00:00' */;
/*!40014 SET @OLD_UNIQUE_CHECKS=@@UNIQUE_CHECKS, UNIQUE_CHECKS=0 */;
/*!40014 SET @OLD_FOREIGN_KEY_CHECKS=@@FOREIGN_KEY_CHECKS, FOREIGN_KEY_CHECKS=0 */;
/*!40101 SET @OLD_SQL_MODE=@@SQL_MODE, SQL_MODE='NO_AUTO_VALUE_ON_ZERO' */;
/*!40111 SET @OLD_SQL_NOTES=@@SQL_NOTES, SQL_NOTES=0 */;

--
-- Table structure for table `BATCH_JOB_EXECUTION`
--

DROP TABLE IF EXISTS `BATCH_JOB_EXECUTION`;
/*!40101 SET @saved_cs_client     = @@character_set_client */;
/*!50503 SET character_set_client = utf8mb4 */;
CREATE TABLE `BATCH_JOB_EXECUTION` (
  `JOB_EXECUTION_ID` bigint NOT NULL,
  `VERSION` bigint DEFAULT NULL,
  `JOB_INSTANCE_ID` bigint NOT NULL,
  `CREATE_TIME` datetime(6) NOT NULL,
  `START_TIME` datetime(6) DEFAULT NULL,
  `END_TIME` datetime(6) DEFAULT NULL,
  `STATUS` varchar(10) DEFAULT NULL,
  `EXIT_CODE` varchar(2500) DEFAULT NULL,
  `EXIT_MESSAGE` varchar(2500) DEFAULT NULL,
  `LAST_UPDATED` datetime(6) DEFAULT NULL,
  PRIMARY KEY (`JOB_EXECUTION_ID`),
  KEY `JOB_INST_EXEC_FK` (`JOB_INSTANCE_ID`),
  CONSTRAINT `JOB_INST_EXEC_FK` FOREIGN KEY (`JOB_INSTANCE_ID`) REFERENCES `BATCH_JOB_INSTANCE` (`JOB_INSTANCE_ID`)
) ENGINE=InnoDB DEFAULT CHARSET=utf8mb4 COLLATE=utf8mb4_0900_ai_ci;
/*!40101 SET character_set_client = @saved_cs_client */;

--
-- Dumping data for table `BATCH_JOB_EXECUTION`
--

LOCK TABLES `BATCH_JOB_EXECUTION` WRITE;
/*!40000 ALTER TABLE `BATCH_JOB_EXECUTION` DISABLE KEYS */;
INSERT INTO `BATCH_JOB_EXECUTION` VALUES (1,2,1,'2023-04-07 10:21:55.440506','2023-04-07 10:21:55.475647','2023-04-07 10:21:55.562860','FAILED','FAILED','','2023-04-07 10:21:55.563552'),(2,2,2,'2023-04-07 10:22:05.408900','2023-04-07 10:22:05.435931','2023-04-07 10:22:05.520722','FAILED','FAILED','','2023-04-07 10:22:05.521593'),(3,2,3,'2023-04-07 10:22:15.412105','2023-04-07 10:22:15.436291','2023-04-07 10:22:15.529709','FAILED','FAILED','','2023-04-07 10:22:15.531939'),(4,2,4,'2023-04-07 10:22:25.388435','2023-04-07 10:22:25.417647','2023-04-07 10:22:25.505609','FAILED','FAILED','','2023-04-07 10:22:25.506576'),(5,2,5,'2023-04-07 10:22:35.431808','2023-04-07 10:22:35.459834','2023-04-07 10:22:35.534704','FAILED','FAILED','','2023-04-07 10:22:35.536432'),(6,2,6,'2023-04-07 10:22:45.420685','2023-04-07 10:22:45.447411','2023-04-07 10:22:45.521162','FAILED','FAILED','','2023-04-07 10:22:45.521862'),(7,2,7,'2023-04-07 10:22:59.928690','2023-04-07 10:22:59.971811','2023-04-07 10:23:00.123017','COMPLETED','COMPLETED','','2023-04-07 10:23:00.123738'),(8,2,8,'2023-04-07 10:23:50.249451','2023-04-07 10:23:50.289586','2023-04-07 10:23:50.460573','COMPLETED','COMPLETED','','2023-04-07 10:23:50.461401'),(9,2,9,'2023-04-07 10:24:00.209170','2023-04-07 10:24:00.237819','2023-04-07 10:24:00.353688','COMPLETED','COMPLETED','','2023-04-07 10:24:00.354383'),(10,2,10,'2023-04-07 10:25:45.343681','2023-04-07 10:25:45.366358','2023-04-07 10:25:45.570218','COMPLETED','COMPLETED','','2023-04-07 10:25:45.571742'),(11,2,11,'2023-04-07 10:25:55.377613','2023-04-07 10:25:55.405675','2023-04-07 10:25:55.523831','FAILED','FAILED','','2023-04-07 10:25:55.524729'),(12,2,10,'2023-04-07 10:26:02.191498','2023-04-07 10:26:02.217242','2023-04-07 10:26:02.239909','COMPLETED','NOOP','All steps already completed or no steps configured for this job.','2023-04-07 10:26:02.241434'),(13,2,12,'2023-04-07 10:26:12.211688','2023-04-07 10:26:12.247196','2023-04-07 10:26:12.514084','COMPLETED','COMPLETED','','2023-04-07 10:26:12.514856'),(14,2,13,'2023-04-07 10:26:22.167421','2023-04-07 10:26:22.191119','2023-04-07 10:26:22.319845','COMPLETED','COMPLETED','','2023-04-07 10:26:22.320993'),(15,2,14,'2023-04-07 10:26:32.180922','2023-04-07 10:26:32.203865','2023-04-07 10:26:32.302192','COMPLETED','COMPLETED','','2023-04-07 10:26:32.303005'),(16,2,15,'2023-04-07 10:26:42.170972','2023-04-07 10:26:42.193916','2023-04-07 10:26:42.293059','COMPLETED','COMPLETED','','2023-04-07 10:26:42.293747'),(17,2,16,'2023-04-07 10:26:52.166472','2023-04-07 10:26:52.189252','2023-04-07 10:26:52.279832','COMPLETED','COMPLETED','','2023-04-07 10:26:52.280569'),(18,2,17,'2023-04-07 10:27:02.167121','2023-04-07 10:27:02.190221','2023-04-07 10:27:02.282605','COMPLETED','COMPLETED','','2023-04-07 10:27:02.283527'),(19,2,18,'2023-04-07 10:27:12.166329','2023-04-07 10:27:12.197930','2023-04-07 10:27:12.319140','COMPLETED','COMPLETED','','2023-04-07 10:27:12.320930'),(20,2,19,'2023-04-07 10:27:22.168926','2023-04-07 10:27:22.193650','2023-04-07 10:27:22.289463','COMPLETED','COMPLETED','','2023-04-07 10:27:22.290165'),(21,2,20,'2023-04-07 10:27:32.167110','2023-04-07 10:27:32.198101','2023-04-07 10:27:32.311225','COMPLETED','COMPLETED','','2023-04-07 10:27:32.312427'),(22,2,21,'2023-04-07 10:27:42.160304','2023-04-07 10:27:42.189293','2023-04-07 10:27:42.514227','FAILED','FAILED','','2023-04-07 10:27:42.514960'),(23,2,22,'2023-04-07 10:27:52.163112','2023-04-07 10:27:52.185706','2023-04-07 10:27:52.301151','FAILED','FAILED','','2023-04-07 10:27:52.301942'),(24,2,23,'2023-04-07 10:28:02.156743','2023-04-07 10:28:02.178378','2023-04-07 10:28:02.341013','FAILED','FAILED','','2023-04-07 10:28:02.341805'),(25,2,24,'2023-04-07 10:28:12.178345','2023-04-07 10:28:12.201953','2023-04-07 10:28:12.368791','FAILED','FAILED','','2023-04-07 10:28:12.369513'),(26,2,25,'2023-04-07 10:28:22.161234','2023-04-07 10:28:22.181386','2023-04-07 10:28:22.282897','FAILED','FAILED','','2023-04-07 10:28:22.283502'),(27,2,26,'2023-04-07 10:28:32.181320','2023-04-07 10:28:32.222526','2023-04-07 10:28:33.121986','FAILED','FAILED','','2023-04-07 10:28:33.126135'),(28,2,27,'2023-04-07 10:28:42.169069','2023-04-07 10:28:42.214887','2023-04-07 10:28:43.020870','FAILED','FAILED','','2023-04-07 10:28:43.042082'),(29,2,28,'2023-04-07 10:28:52.185080','2023-04-07 10:28:52.206332','2023-04-07 10:28:52.309047','FAILED','FAILED','','2023-04-07 10:28:52.309646'),(30,2,10,'2023-04-07 10:29:27.766448','2023-04-07 10:29:27.806802','2023-04-07 10:29:27.839269','COMPLETED','NOOP','All steps already completed or no steps configured for this job.','2023-04-07 10:29:27.841384'),(31,1,29,'2023-04-07 10:29:48.156779','2023-04-07 10:29:48.211215',NULL,'STARTED','UNKNOWN','','2023-04-07 10:29:48.212371'),(32,2,30,'2023-04-07 10:31:26.537833','2023-04-07 10:31:26.578771','2023-04-07 10:31:27.047791','COMPLETED','COMPLETED','','2023-04-07 10:31:27.048830'),(33,2,31,'2023-04-07 10:31:36.506872','2023-04-07 10:31:36.534337','2023-04-07 10:31:36.799207','COMPLETED','COMPLETED','','2023-04-07 10:31:36.800672'),(34,2,32,'2023-04-07 10:35:46.386996','2023-04-07 10:35:46.418846','2023-04-07 10:35:46.761003','FAILED','FAILED','','2023-04-07 10:35:46.761817'),(35,2,33,'2023-04-07 10:35:56.302607','2023-04-07 10:35:56.335755','2023-04-07 10:35:56.459520','FAILED','FAILED','','2023-04-07 10:35:56.460202'),(36,2,34,'2023-04-07 10:36:06.378424','2023-04-07 10:36:06.400144','2023-04-07 10:36:06.550684','FAILED','FAILED','','2023-04-07 10:36:06.551518'),(37,2,35,'2023-04-07 10:36:16.414612','2023-04-07 10:36:16.448245','2023-04-07 10:36:16.573328','FAILED','FAILED','','2023-04-07 10:36:16.574131'),(38,2,36,'2023-04-07 10:36:26.361236','2023-04-07 10:36:26.387667','2023-04-07 10:36:26.501957','FAILED','FAILED','','2023-04-07 10:36:26.502664'),(39,2,37,'2023-04-07 10:36:36.364893','2023-04-07 10:36:36.387039','2023-04-07 10:36:36.483600','FAILED','FAILED','','2023-04-07 10:36:36.484322'),(40,2,38,'2023-04-07 10:36:46.362988','2023-04-07 10:36:46.385770','2023-04-07 10:36:46.495310','FAILED','FAILED','','2023-04-07 10:36:46.495970'),(41,2,39,'2023-04-07 10:36:56.365401','2023-04-07 10:36:56.393371','2023-04-07 10:36:56.502114','FAILED','FAILED','','2023-04-07 10:36:56.502858'),(42,2,40,'2023-04-07 10:37:06.379716','2023-04-07 10:37:06.400687','2023-04-07 10:37:06.514226','FAILED','FAILED','','2023-04-07 10:37:06.514864'),(43,2,41,'2023-04-07 10:37:16.393016','2023-04-07 10:37:16.416592','2023-04-07 10:37:16.550709','FAILED','FAILED','','2023-04-07 10:37:16.551385'),(44,2,42,'2023-04-07 10:37:26.360893','2023-04-07 10:37:26.384348','2023-04-07 10:37:26.483398','FAILED','FAILED','','2023-04-07 10:37:26.484126'),(45,2,43,'2023-04-07 10:37:36.358048','2023-04-07 10:37:36.385940','2023-04-07 10:37:36.500112','FAILED','FAILED','','2023-04-07 10:37:36.501159'),(46,2,44,'2023-04-07 10:37:46.358529','2023-04-07 10:37:46.375871','2023-04-07 10:37:46.545578','FAILED','FAILED','','2023-04-07 10:37:46.546301'),(47,2,45,'2023-04-07 10:37:56.349747','2023-04-07 10:37:56.371610','2023-04-07 10:37:56.521089','FAILED','FAILED','','2023-04-07 10:37:56.522544'),(48,2,46,'2023-04-07 10:38:06.356689','2023-04-07 10:38:06.380803','2023-04-07 10:38:06.533668','FAILED','FAILED','','2023-04-07 10:38:06.534491'),(49,2,47,'2023-04-07 10:38:16.355928','2023-04-07 10:38:16.379319','2023-04-07 10:38:16.478165','FAILED','FAILED','','2023-04-07 10:38:16.478784'),(50,2,48,'2023-04-07 10:38:26.358669','2023-04-07 10:38:26.378092','2023-04-07 10:38:26.506561','FAILED','FAILED','','2023-04-07 10:38:26.507382'),(51,2,49,'2023-04-07 10:38:36.355369','2023-04-07 10:38:36.374529','2023-04-07 10:38:36.488299','FAILED','FAILED','','2023-04-07 10:38:36.489048'),(52,2,50,'2023-04-07 10:38:46.381591','2023-04-07 10:38:46.408315','2023-04-07 10:38:46.537492','FAILED','FAILED','','2023-04-07 10:38:46.538111'),(53,2,51,'2023-04-07 10:38:56.383873','2023-04-07 10:38:56.408163','2023-04-07 10:38:56.575438','FAILED','FAILED','','2023-04-07 10:38:56.576239'),(54,2,52,'2023-04-07 10:39:12.837273','2023-04-07 10:39:12.891649','2023-04-07 10:39:13.214907','FAILED','FAILED','','2023-04-07 10:39:13.217240'),(55,2,53,'2023-04-07 10:39:22.797898','2023-04-07 10:39:22.822784','2023-04-07 10:39:22.946786','FAILED','FAILED','','2023-04-07 10:39:22.948229'),(56,2,54,'2023-04-07 10:39:32.794327','2023-04-07 10:39:32.886509','2023-04-07 10:39:33.372978','FAILED','FAILED','','2023-04-07 10:39:33.375451'),(57,2,55,'2023-04-07 10:39:42.803031','2023-04-07 10:39:42.827137','2023-04-07 10:39:42.968556','FAILED','FAILED','','2023-04-07 10:39:42.969349'),(58,2,56,'2023-04-07 10:39:52.745210','2023-04-07 10:39:52.767830','2023-04-07 10:39:52.888457','FAILED','FAILED','','2023-04-07 10:39:52.889210'),(59,2,57,'2023-04-07 10:40:02.776247','2023-04-07 10:40:02.802412','2023-04-07 10:40:02.953430','FAILED','FAILED','','2023-04-07 10:40:02.954066'),(60,2,58,'2023-04-07 10:40:12.782311','2023-04-07 10:40:12.811420','2023-04-07 10:40:12.931362','FAILED','FAILED','','2023-04-07 10:40:12.932151'),(61,2,59,'2023-04-07 10:40:22.805005','2023-04-07 10:40:22.830227','2023-04-07 10:40:22.949280','FAILED','FAILED','','2023-04-07 10:40:22.950307'),(62,2,60,'2023-04-07 10:40:32.808890','2023-04-07 10:40:32.844421','2023-04-07 10:40:32.954502','FAILED','FAILED','','2023-04-07 10:40:32.955181'),(63,2,61,'2023-04-07 10:40:42.787933','2023-04-07 10:40:42.808874','2023-04-07 10:40:42.923807','FAILED','FAILED','','2023-04-07 10:40:42.924556'),(64,2,62,'2023-04-07 10:40:52.760634','2023-04-07 10:40:52.791447','2023-04-07 10:40:52.933452','FAILED','FAILED','','2023-04-07 10:40:52.934111'),(65,2,63,'2023-04-07 10:41:02.796591','2023-04-07 10:41:02.824130','2023-04-07 10:41:02.927339','FAILED','FAILED','','2023-04-07 10:41:02.928002'),(66,2,64,'2023-04-07 10:41:12.760867','2023-04-07 10:41:12.786483','2023-04-07 10:41:12.896733','FAILED','FAILED','','2023-04-07 10:41:12.897518'),(67,2,65,'2023-04-07 10:41:22.756667','2023-04-07 10:41:22.780641','2023-04-07 10:41:22.872032','FAILED','FAILED','','2023-04-07 10:41:22.873016'),(68,2,66,'2023-04-07 10:41:32.791662','2023-04-07 10:41:32.815232','2023-04-07 10:41:32.931000','FAILED','FAILED','','2023-04-07 10:41:32.931956'),(69,2,67,'2023-04-07 10:41:42.757383','2023-04-07 10:41:42.779051','2023-04-07 10:41:42.879399','FAILED','FAILED','','2023-04-07 10:41:42.881068'),(70,2,68,'2023-04-07 10:41:52.764102','2023-04-07 10:41:52.789212','2023-04-07 10:41:52.890127','FAILED','FAILED','','2023-04-07 10:41:52.890947'),(71,2,69,'2023-04-07 10:42:02.756929','2023-04-07 10:42:02.783889','2023-04-07 10:42:02.907561','FAILED','FAILED','','2023-04-07 10:42:02.908233'),(72,2,70,'2023-04-07 10:42:12.792738','2023-04-07 10:42:12.813353','2023-04-07 10:42:12.934400','FAILED','FAILED','','2023-04-07 10:42:12.935051'),(73,2,71,'2023-04-07 10:42:22.754030','2023-04-07 10:42:22.775284','2023-04-07 10:42:22.871049','FAILED','FAILED','','2023-04-07 10:42:22.871868'),(74,2,72,'2023-04-07 10:42:32.752776','2023-04-07 10:42:32.771500','2023-04-07 10:42:32.861532','FAILED','FAILED','','2023-04-07 10:42:32.862089'),(75,2,73,'2023-04-07 10:42:42.750452','2023-04-07 10:42:42.770117','2023-04-07 10:42:42.867367','FAILED','FAILED','','2023-04-07 10:42:42.868241'),(76,2,74,'2023-04-07 10:42:52.748325','2023-04-07 10:42:52.768306','2023-04-07 10:42:52.861011','FAILED','FAILED','','2023-04-07 10:42:52.861697'),(77,2,75,'2023-04-07 10:43:02.748465','2023-04-07 10:43:02.771422','2023-04-07 10:43:02.876153','FAILED','FAILED','','2023-04-07 10:43:02.876768'),(78,2,76,'2023-04-07 10:43:12.750194','2023-04-07 10:43:12.778180','2023-04-07 10:43:12.865715','FAILED','FAILED','','2023-04-07 10:43:12.866413'),(79,2,77,'2023-04-07 10:43:22.758464','2023-04-07 10:43:22.783073','2023-04-07 10:43:22.865332','FAILED','FAILED','','2023-04-07 10:43:22.865905'),(80,2,78,'2023-04-07 10:43:32.752813','2023-04-07 10:43:32.777055','2023-04-07 10:43:32.882727','FAILED','FAILED','','2023-04-07 10:43:32.885684'),(81,2,79,'2023-04-07 10:43:42.766431','2023-04-07 10:43:42.784071','2023-04-07 10:43:42.910279','FAILED','FAILED','','2023-04-07 10:43:42.910980'),(82,2,80,'2023-04-07 10:44:06.275896','2023-04-07 10:44:06.359122','2023-04-07 10:44:06.879567','FAILED','FAILED','','2023-04-07 10:44:06.880713'),(83,2,81,'2023-04-07 10:44:16.225004','2023-04-07 10:44:16.251329','2023-04-07 10:44:16.377502','FAILED','FAILED','','2023-04-07 10:44:16.378260'),(84,2,82,'2023-04-07 10:44:26.228621','2023-04-07 10:44:26.255252','2023-04-07 10:44:26.388181','FAILED','FAILED','','2023-04-07 10:44:26.389099'),(85,2,83,'2023-04-07 10:44:36.191706','2023-04-07 10:44:36.217507','2023-04-07 10:44:36.322755','FAILED','FAILED','','2023-04-07 10:44:36.323790'),(86,2,84,'2023-04-07 10:44:46.172246','2023-04-07 10:44:46.208940','2023-04-07 10:44:46.403646','FAILED','FAILED','','2023-04-07 10:44:46.404219'),(87,2,85,'2023-04-07 10:45:06.820234','2023-04-07 10:45:06.889948','2023-04-07 10:45:07.826100','COMPLETED','COMPLETED','','2023-04-07 10:45:07.827230'),(88,2,86,'2023-04-07 10:58:52.407730','2023-04-07 10:58:52.439710','2023-04-07 10:58:52.918352','COMPLETED','COMPLETED','','2023-04-07 10:58:52.919400'),(89,2,87,'2023-04-07 10:59:02.374953','2023-04-07 10:59:02.405409','2023-04-07 10:59:02.627766','COMPLETED','COMPLETED','','2023-04-07 10:59:02.628517'),(90,2,88,'2023-04-07 10:59:12.349798','2023-04-07 10:59:12.379399','2023-04-07 10:59:12.522745','COMPLETED','COMPLETED','','2023-04-07 10:59:12.523513'),(91,2,89,'2023-04-07 11:04:15.371188','2023-04-07 11:04:15.411842','2023-04-07 11:04:15.924983','COMPLETED','COMPLETED','','2023-04-07 11:04:15.925918'),(92,2,90,'2023-04-07 11:06:48.666085','2023-04-07 11:06:48.705334','2023-04-07 11:06:49.177820','COMPLETED','COMPLETED','','2023-04-07 11:06:49.179691'),(93,2,91,'2023-04-07 11:07:19.602464','2023-04-07 11:07:19.635823','2023-04-07 11:07:20.119276','COMPLETED','COMPLETED','','2023-04-07 11:07:20.120979'),(94,2,92,'2023-04-07 11:07:29.550050','2023-04-07 11:07:29.567802','2023-04-07 11:07:29.720117','COMPLETED','COMPLETED','','2023-04-07 11:07:29.721301'),(95,2,93,'2023-04-07 11:11:53.442686','2023-04-07 11:11:53.483084','2023-04-07 11:11:53.968553','COMPLETED','COMPLETED','','2023-04-07 11:11:53.969533'),(96,2,94,'2023-04-07 11:12:03.377610','2023-04-07 11:12:03.402361','2023-04-07 11:12:03.548241','COMPLETED','COMPLETED','','2023-04-07 11:12:03.548986'),(97,2,95,'2023-04-07 11:14:38.409470','2023-04-07 11:14:38.451822','2023-04-07 11:14:38.910615','COMPLETED','COMPLETED','','2023-04-07 11:14:38.911547'),(98,2,96,'2023-04-07 11:20:22.659671','2023-04-07 11:20:22.704823','2023-04-07 11:20:23.201419','COMPLETED','COMPLETED','','2023-04-07 11:20:23.202541');
/*!40000 ALTER TABLE `BATCH_JOB_EXECUTION` ENABLE KEYS */;
UNLOCK TABLES;

--
-- Table structure for table `BATCH_JOB_EXECUTION_CONTEXT`
--

DROP TABLE IF EXISTS `BATCH_JOB_EXECUTION_CONTEXT`;
/*!40101 SET @saved_cs_client     = @@character_set_client */;
/*!50503 SET character_set_client = utf8mb4 */;
CREATE TABLE `BATCH_JOB_EXECUTION_CONTEXT` (
  `JOB_EXECUTION_ID` bigint NOT NULL,
  `SHORT_CONTEXT` varchar(2500) NOT NULL,
  `SERIALIZED_CONTEXT` text,
  PRIMARY KEY (`JOB_EXECUTION_ID`),
  CONSTRAINT `JOB_EXEC_CTX_FK` FOREIGN KEY (`JOB_EXECUTION_ID`) REFERENCES `BATCH_JOB_EXECUTION` (`JOB_EXECUTION_ID`)
) ENGINE=InnoDB DEFAULT CHARSET=utf8mb4 COLLATE=utf8mb4_0900_ai_ci;
/*!40101 SET character_set_client = @saved_cs_client */;

--
-- Dumping data for table `BATCH_JOB_EXECUTION_CONTEXT`
--

LOCK TABLES `BATCH_JOB_EXECUTION_CONTEXT` WRITE;
/*!40000 ALTER TABLE `BATCH_JOB_EXECUTION_CONTEXT` DISABLE KEYS */;
INSERT INTO `BATCH_JOB_EXECUTION_CONTEXT` VALUES (1,'rO0ABXNyABFqYXZhLnV0aWwuSGFzaE1hcAUH2sHDFmDRAwACRgAKbG9hZEZhY3RvckkACXRocmVzaG9sZHhwP0AAAAAAAAx3CAAAABAAAAABdAANYmF0Y2gudmVyc2lvbnQABTUuMC4xeA==',NULL),(2,'rO0ABXNyABFqYXZhLnV0aWwuSGFzaE1hcAUH2sHDFmDRAwACRgAKbG9hZEZhY3RvckkACXRocmVzaG9sZHhwP0AAAAAAAAx3CAAAABAAAAABdAANYmF0Y2gudmVyc2lvbnQABTUuMC4xeA==',NULL),(3,'rO0ABXNyABFqYXZhLnV0aWwuSGFzaE1hcAUH2sHDFmDRAwACRgAKbG9hZEZhY3RvckkACXRocmVzaG9sZHhwP0AAAAAAAAx3CAAAABAAAAABdAANYmF0Y2gudmVyc2lvbnQABTUuMC4xeA==',NULL),(4,'rO0ABXNyABFqYXZhLnV0aWwuSGFzaE1hcAUH2sHDFmDRAwACRgAKbG9hZEZhY3RvckkACXRocmVzaG9sZHhwP0AAAAAAAAx3CAAAABAAAAABdAANYmF0Y2gudmVyc2lvbnQABTUuMC4xeA==',NULL),(5,'rO0ABXNyABFqYXZhLnV0aWwuSGFzaE1hcAUH2sHDFmDRAwACRgAKbG9hZEZhY3RvckkACXRocmVzaG9sZHhwP0AAAAAAAAx3CAAAABAAAAABdAANYmF0Y2gudmVyc2lvbnQABTUuMC4xeA==',NULL),(6,'rO0ABXNyABFqYXZhLnV0aWwuSGFzaE1hcAUH2sHDFmDRAwACRgAKbG9hZEZhY3RvckkACXRocmVzaG9sZHhwP0AAAAAAAAx3CAAAABAAAAABdAANYmF0Y2gudmVyc2lvbnQABTUuMC4xeA==',NULL),(7,'rO0ABXNyABFqYXZhLnV0aWwuSGFzaE1hcAUH2sHDFmDRAwACRgAKbG9hZEZhY3RvckkACXRocmVzaG9sZHhwP0AAAAAAAAx3CAAAABAAAAABdAANYmF0Y2gudmVyc2lvbnQABTUuMC4xeA==',NULL),(8,'rO0ABXNyABFqYXZhLnV0aWwuSGFzaE1hcAUH2sHDFmDRAwACRgAKbG9hZEZhY3RvckkACXRocmVzaG9sZHhwP0AAAAAAAAx3CAAAABAAAAABdAANYmF0Y2gudmVyc2lvbnQABTUuMC4xeA==',NULL),(9,'rO0ABXNyABFqYXZhLnV0aWwuSGFzaE1hcAUH2sHDFmDRAwACRgAKbG9hZEZhY3RvckkACXRocmVzaG9sZHhwP0AAAAAAAAx3CAAAABAAAAABdAANYmF0Y2gudmVyc2lvbnQABTUuMC4xeA==',NULL),(10,'rO0ABXNyABFqYXZhLnV0aWwuSGFzaE1hcAUH2sHDFmDRAwACRgAKbG9hZEZhY3RvckkACXRocmVzaG9sZHhwP0AAAAAAAAx3CAAAABAAAAABdAANYmF0Y2gudmVyc2lvbnQABTUuMC4xeA==',NULL),(11,'rO0ABXNyABFqYXZhLnV0aWwuSGFzaE1hcAUH2sHDFmDRAwACRgAKbG9hZEZhY3RvckkACXRocmVzaG9sZHhwP0AAAAAAAAx3CAAAABAAAAABdAANYmF0Y2gudmVyc2lvbnQABTUuMC4xeA==',NULL),(12,'rO0ABXNyABFqYXZhLnV0aWwuSGFzaE1hcAUH2sHDFmDRAwACRgAKbG9hZEZhY3RvckkACXRocmVzaG9sZHhwP0AAAAAAAAx3CAAAABAAAAABdAANYmF0Y2gudmVyc2lvbnQABTUuMC4xeA==',NULL),(13,'rO0ABXNyABFqYXZhLnV0aWwuSGFzaE1hcAUH2sHDFmDRAwACRgAKbG9hZEZhY3RvckkACXRocmVzaG9sZHhwP0AAAAAAAAx3CAAAABAAAAABdAANYmF0Y2gudmVyc2lvbnQABTUuMC4xeA==',NULL),(14,'rO0ABXNyABFqYXZhLnV0aWwuSGFzaE1hcAUH2sHDFmDRAwACRgAKbG9hZEZhY3RvckkACXRocmVzaG9sZHhwP0AAAAAAAAx3CAAAABAAAAABdAANYmF0Y2gudmVyc2lvbnQABTUuMC4xeA==',NULL),(15,'rO0ABXNyABFqYXZhLnV0aWwuSGFzaE1hcAUH2sHDFmDRAwACRgAKbG9hZEZhY3RvckkACXRocmVzaG9sZHhwP0AAAAAAAAx3CAAAABAAAAABdAANYmF0Y2gudmVyc2lvbnQABTUuMC4xeA==',NULL),(16,'rO0ABXNyABFqYXZhLnV0aWwuSGFzaE1hcAUH2sHDFmDRAwACRgAKbG9hZEZhY3RvckkACXRocmVzaG9sZHhwP0AAAAAAAAx3CAAAABAAAAABdAANYmF0Y2gudmVyc2lvbnQABTUuMC4xeA==',NULL),(17,'rO0ABXNyABFqYXZhLnV0aWwuSGFzaE1hcAUH2sHDFmDRAwACRgAKbG9hZEZhY3RvckkACXRocmVzaG9sZHhwP0AAAAAAAAx3CAAAABAAAAABdAANYmF0Y2gudmVyc2lvbnQABTUuMC4xeA==',NULL),(18,'rO0ABXNyABFqYXZhLnV0aWwuSGFzaE1hcAUH2sHDFmDRAwACRgAKbG9hZEZhY3RvckkACXRocmVzaG9sZHhwP0AAAAAAAAx3CAAAABAAAAABdAANYmF0Y2gudmVyc2lvbnQABTUuMC4xeA==',NULL),(19,'rO0ABXNyABFqYXZhLnV0aWwuSGFzaE1hcAUH2sHDFmDRAwACRgAKbG9hZEZhY3RvckkACXRocmVzaG9sZHhwP0AAAAAAAAx3CAAAABAAAAABdAANYmF0Y2gudmVyc2lvbnQABTUuMC4xeA==',NULL),(20,'rO0ABXNyABFqYXZhLnV0aWwuSGFzaE1hcAUH2sHDFmDRAwACRgAKbG9hZEZhY3RvckkACXRocmVzaG9sZHhwP0AAAAAAAAx3CAAAABAAAAABdAANYmF0Y2gudmVyc2lvbnQABTUuMC4xeA==',NULL),(21,'rO0ABXNyABFqYXZhLnV0aWwuSGFzaE1hcAUH2sHDFmDRAwACRgAKbG9hZEZhY3RvckkACXRocmVzaG9sZHhwP0AAAAAAAAx3CAAAABAAAAABdAANYmF0Y2gudmVyc2lvbnQABTUuMC4xeA==',NULL),(22,'rO0ABXNyABFqYXZhLnV0aWwuSGFzaE1hcAUH2sHDFmDRAwACRgAKbG9hZEZhY3RvckkACXRocmVzaG9sZHhwP0AAAAAAAAx3CAAAABAAAAABdAANYmF0Y2gudmVyc2lvbnQABTUuMC4xeA==',NULL),(23,'rO0ABXNyABFqYXZhLnV0aWwuSGFzaE1hcAUH2sHDFmDRAwACRgAKbG9hZEZhY3RvckkACXRocmVzaG9sZHhwP0AAAAAAAAx3CAAAABAAAAABdAANYmF0Y2gudmVyc2lvbnQABTUuMC4xeA==',NULL),(24,'rO0ABXNyABFqYXZhLnV0aWwuSGFzaE1hcAUH2sHDFmDRAwACRgAKbG9hZEZhY3RvckkACXRocmVzaG9sZHhwP0AAAAAAAAx3CAAAABAAAAABdAANYmF0Y2gudmVyc2lvbnQABTUuMC4xeA==',NULL),(25,'rO0ABXNyABFqYXZhLnV0aWwuSGFzaE1hcAUH2sHDFmDRAwACRgAKbG9hZEZhY3RvckkACXRocmVzaG9sZHhwP0AAAAAAAAx3CAAAABAAAAABdAANYmF0Y2gudmVyc2lvbnQABTUuMC4xeA==',NULL),(26,'rO0ABXNyABFqYXZhLnV0aWwuSGFzaE1hcAUH2sHDFmDRAwACRgAKbG9hZEZhY3RvckkACXRocmVzaG9sZHhwP0AAAAAAAAx3CAAAABAAAAABdAANYmF0Y2gudmVyc2lvbnQABTUuMC4xeA==',NULL),(27,'rO0ABXNyABFqYXZhLnV0aWwuSGFzaE1hcAUH2sHDFmDRAwACRgAKbG9hZEZhY3RvckkACXRocmVzaG9sZHhwP0AAAAAAAAx3CAAAABAAAAABdAANYmF0Y2gudmVyc2lvbnQABTUuMC4xeA==',NULL),(28,'rO0ABXNyABFqYXZhLnV0aWwuSGFzaE1hcAUH2sHDFmDRAwACRgAKbG9hZEZhY3RvckkACXRocmVzaG9sZHhwP0AAAAAAAAx3CAAAABAAAAABdAANYmF0Y2gudmVyc2lvbnQABTUuMC4xeA==',NULL),(29,'rO0ABXNyABFqYXZhLnV0aWwuSGFzaE1hcAUH2sHDFmDRAwACRgAKbG9hZEZhY3RvckkACXRocmVzaG9sZHhwP0AAAAAAAAx3CAAAABAAAAABdAANYmF0Y2gudmVyc2lvbnQABTUuMC4xeA==',NULL),(30,'rO0ABXNyABFqYXZhLnV0aWwuSGFzaE1hcAUH2sHDFmDRAwACRgAKbG9hZEZhY3RvckkACXRocmVzaG9sZHhwP0AAAAAAAAx3CAAAABAAAAABdAANYmF0Y2gudmVyc2lvbnQABTUuMC4xeA==',NULL),(31,'rO0ABXNyABFqYXZhLnV0aWwuSGFzaE1hcAUH2sHDFmDRAwACRgAKbG9hZEZhY3RvckkACXRocmVzaG9sZHhwP0AAAAAAAAB3CAAAABAAAAAAeA==',NULL),(32,'rO0ABXNyABFqYXZhLnV0aWwuSGFzaE1hcAUH2sHDFmDRAwACRgAKbG9hZEZhY3RvckkACXRocmVzaG9sZHhwP0AAAAAAAAx3CAAAABAAAAABdAANYmF0Y2gudmVyc2lvbnQABTUuMC4xeA==',NULL),(33,'rO0ABXNyABFqYXZhLnV0aWwuSGFzaE1hcAUH2sHDFmDRAwACRgAKbG9hZEZhY3RvckkACXRocmVzaG9sZHhwP0AAAAAAAAx3CAAAABAAAAABdAANYmF0Y2gudmVyc2lvbnQABTUuMC4xeA==',NULL),(34,'rO0ABXNyABFqYXZhLnV0aWwuSGFzaE1hcAUH2sHDFmDRAwACRgAKbG9hZEZhY3RvckkACXRocmVzaG9sZHhwP0AAAAAAAAx3CAAAABAAAAABdAANYmF0Y2gudmVyc2lvbnQABTUuMC4xeA==',NULL),(35,'rO0ABXNyABFqYXZhLnV0aWwuSGFzaE1hcAUH2sHDFmDRAwACRgAKbG9hZEZhY3RvckkACXRocmVzaG9sZHhwP0AAAAAAAAx3CAAAABAAAAABdAANYmF0Y2gudmVyc2lvbnQABTUuMC4xeA==',NULL),(36,'rO0ABXNyABFqYXZhLnV0aWwuSGFzaE1hcAUH2sHDFmDRAwACRgAKbG9hZEZhY3RvckkACXRocmVzaG9sZHhwP0AAAAAAAAx3CAAAABAAAAABdAANYmF0Y2gudmVyc2lvbnQABTUuMC4xeA==',NULL),(37,'rO0ABXNyABFqYXZhLnV0aWwuSGFzaE1hcAUH2sHDFmDRAwACRgAKbG9hZEZhY3RvckkACXRocmVzaG9sZHhwP0AAAAAAAAx3CAAAABAAAAABdAANYmF0Y2gudmVyc2lvbnQABTUuMC4xeA==',NULL),(38,'rO0ABXNyABFqYXZhLnV0aWwuSGFzaE1hcAUH2sHDFmDRAwACRgAKbG9hZEZhY3RvckkACXRocmVzaG9sZHhwP0AAAAAAAAx3CAAAABAAAAABdAANYmF0Y2gudmVyc2lvbnQABTUuMC4xeA==',NULL),(39,'rO0ABXNyABFqYXZhLnV0aWwuSGFzaE1hcAUH2sHDFmDRAwACRgAKbG9hZEZhY3RvckkACXRocmVzaG9sZHhwP0AAAAAAAAx3CAAAABAAAAABdAANYmF0Y2gudmVyc2lvbnQABTUuMC4xeA==',NULL),(40,'rO0ABXNyABFqYXZhLnV0aWwuSGFzaE1hcAUH2sHDFmDRAwACRgAKbG9hZEZhY3RvckkACXRocmVzaG9sZHhwP0AAAAAAAAx3CAAAABAAAAABdAANYmF0Y2gudmVyc2lvbnQABTUuMC4xeA==',NULL),(41,'rO0ABXNyABFqYXZhLnV0aWwuSGFzaE1hcAUH2sHDFmDRAwACRgAKbG9hZEZhY3RvckkACXRocmVzaG9sZHhwP0AAAAAAAAx3CAAAABAAAAABdAANYmF0Y2gudmVyc2lvbnQABTUuMC4xeA==',NULL),(42,'rO0ABXNyABFqYXZhLnV0aWwuSGFzaE1hcAUH2sHDFmDRAwACRgAKbG9hZEZhY3RvckkACXRocmVzaG9sZHhwP0AAAAAAAAx3CAAAABAAAAABdAANYmF0Y2gudmVyc2lvbnQABTUuMC4xeA==',NULL),(43,'rO0ABXNyABFqYXZhLnV0aWwuSGFzaE1hcAUH2sHDFmDRAwACRgAKbG9hZEZhY3RvckkACXRocmVzaG9sZHhwP0AAAAAAAAx3CAAAABAAAAABdAANYmF0Y2gudmVyc2lvbnQABTUuMC4xeA==',NULL),(44,'rO0ABXNyABFqYXZhLnV0aWwuSGFzaE1hcAUH2sHDFmDRAwACRgAKbG9hZEZhY3RvckkACXRocmVzaG9sZHhwP0AAAAAAAAx3CAAAABAAAAABdAANYmF0Y2gudmVyc2lvbnQABTUuMC4xeA==',NULL),(45,'rO0ABXNyABFqYXZhLnV0aWwuSGFzaE1hcAUH2sHDFmDRAwACRgAKbG9hZEZhY3RvckkACXRocmVzaG9sZHhwP0AAAAAAAAx3CAAAABAAAAABdAANYmF0Y2gudmVyc2lvbnQABTUuMC4xeA==',NULL),(46,'rO0ABXNyABFqYXZhLnV0aWwuSGFzaE1hcAUH2sHDFmDRAwACRgAKbG9hZEZhY3RvckkACXRocmVzaG9sZHhwP0AAAAAAAAx3CAAAABAAAAABdAANYmF0Y2gudmVyc2lvbnQABTUuMC4xeA==',NULL),(47,'rO0ABXNyABFqYXZhLnV0aWwuSGFzaE1hcAUH2sHDFmDRAwACRgAKbG9hZEZhY3RvckkACXRocmVzaG9sZHhwP0AAAAAAAAx3CAAAABAAAAABdAANYmF0Y2gudmVyc2lvbnQABTUuMC4xeA==',NULL),(48,'rO0ABXNyABFqYXZhLnV0aWwuSGFzaE1hcAUH2sHDFmDRAwACRgAKbG9hZEZhY3RvckkACXRocmVzaG9sZHhwP0AAAAAAAAx3CAAAABAAAAABdAANYmF0Y2gudmVyc2lvbnQABTUuMC4xeA==',NULL),(49,'rO0ABXNyABFqYXZhLnV0aWwuSGFzaE1hcAUH2sHDFmDRAwACRgAKbG9hZEZhY3RvckkACXRocmVzaG9sZHhwP0AAAAAAAAx3CAAAABAAAAABdAANYmF0Y2gudmVyc2lvbnQABTUuMC4xeA==',NULL),(50,'rO0ABXNyABFqYXZhLnV0aWwuSGFzaE1hcAUH2sHDFmDRAwACRgAKbG9hZEZhY3RvckkACXRocmVzaG9sZHhwP0AAAAAAAAx3CAAAABAAAAABdAANYmF0Y2gudmVyc2lvbnQABTUuMC4xeA==',NULL),(51,'rO0ABXNyABFqYXZhLnV0aWwuSGFzaE1hcAUH2sHDFmDRAwACRgAKbG9hZEZhY3RvckkACXRocmVzaG9sZHhwP0AAAAAAAAx3CAAAABAAAAABdAANYmF0Y2gudmVyc2lvbnQABTUuMC4xeA==',NULL),(52,'rO0ABXNyABFqYXZhLnV0aWwuSGFzaE1hcAUH2sHDFmDRAwACRgAKbG9hZEZhY3RvckkACXRocmVzaG9sZHhwP0AAAAAAAAx3CAAAABAAAAABdAANYmF0Y2gudmVyc2lvbnQABTUuMC4xeA==',NULL),(53,'rO0ABXNyABFqYXZhLnV0aWwuSGFzaE1hcAUH2sHDFmDRAwACRgAKbG9hZEZhY3RvckkACXRocmVzaG9sZHhwP0AAAAAAAAx3CAAAABAAAAABdAANYmF0Y2gudmVyc2lvbnQABTUuMC4xeA==',NULL),(54,'rO0ABXNyABFqYXZhLnV0aWwuSGFzaE1hcAUH2sHDFmDRAwACRgAKbG9hZEZhY3RvckkACXRocmVzaG9sZHhwP0AAAAAAAAx3CAAAABAAAAABdAANYmF0Y2gudmVyc2lvbnQABTUuMC4xeA==',NULL),(55,'rO0ABXNyABFqYXZhLnV0aWwuSGFzaE1hcAUH2sHDFmDRAwACRgAKbG9hZEZhY3RvckkACXRocmVzaG9sZHhwP0AAAAAAAAx3CAAAABAAAAABdAANYmF0Y2gudmVyc2lvbnQABTUuMC4xeA==',NULL),(56,'rO0ABXNyABFqYXZhLnV0aWwuSGFzaE1hcAUH2sHDFmDRAwACRgAKbG9hZEZhY3RvckkACXRocmVzaG9sZHhwP0AAAAAAAAx3CAAAABAAAAABdAANYmF0Y2gudmVyc2lvbnQABTUuMC4xeA==',NULL),(57,'rO0ABXNyABFqYXZhLnV0aWwuSGFzaE1hcAUH2sHDFmDRAwACRgAKbG9hZEZhY3RvckkACXRocmVzaG9sZHhwP0AAAAAAAAx3CAAAABAAAAABdAANYmF0Y2gudmVyc2lvbnQABTUuMC4xeA==',NULL),(58,'rO0ABXNyABFqYXZhLnV0aWwuSGFzaE1hcAUH2sHDFmDRAwACRgAKbG9hZEZhY3RvckkACXRocmVzaG9sZHhwP0AAAAAAAAx3CAAAABAAAAABdAANYmF0Y2gudmVyc2lvbnQABTUuMC4xeA==',NULL),(59,'rO0ABXNyABFqYXZhLnV0aWwuSGFzaE1hcAUH2sHDFmDRAwACRgAKbG9hZEZhY3RvckkACXRocmVzaG9sZHhwP0AAAAAAAAx3CAAAABAAAAABdAANYmF0Y2gudmVyc2lvbnQABTUuMC4xeA==',NULL),(60,'rO0ABXNyABFqYXZhLnV0aWwuSGFzaE1hcAUH2sHDFmDRAwACRgAKbG9hZEZhY3RvckkACXRocmVzaG9sZHhwP0AAAAAAAAx3CAAAABAAAAABdAANYmF0Y2gudmVyc2lvbnQABTUuMC4xeA==',NULL),(61,'rO0ABXNyABFqYXZhLnV0aWwuSGFzaE1hcAUH2sHDFmDRAwACRgAKbG9hZEZhY3RvckkACXRocmVzaG9sZHhwP0AAAAAAAAx3CAAAABAAAAABdAANYmF0Y2gudmVyc2lvbnQABTUuMC4xeA==',NULL),(62,'rO0ABXNyABFqYXZhLnV0aWwuSGFzaE1hcAUH2sHDFmDRAwACRgAKbG9hZEZhY3RvckkACXRocmVzaG9sZHhwP0AAAAAAAAx3CAAAABAAAAABdAANYmF0Y2gudmVyc2lvbnQABTUuMC4xeA==',NULL),(63,'rO0ABXNyABFqYXZhLnV0aWwuSGFzaE1hcAUH2sHDFmDRAwACRgAKbG9hZEZhY3RvckkACXRocmVzaG9sZHhwP0AAAAAAAAx3CAAAABAAAAABdAANYmF0Y2gudmVyc2lvbnQABTUuMC4xeA==',NULL),(64,'rO0ABXNyABFqYXZhLnV0aWwuSGFzaE1hcAUH2sHDFmDRAwACRgAKbG9hZEZhY3RvckkACXRocmVzaG9sZHhwP0AAAAAAAAx3CAAAABAAAAABdAANYmF0Y2gudmVyc2lvbnQABTUuMC4xeA==',NULL),(65,'rO0ABXNyABFqYXZhLnV0aWwuSGFzaE1hcAUH2sHDFmDRAwACRgAKbG9hZEZhY3RvckkACXRocmVzaG9sZHhwP0AAAAAAAAx3CAAAABAAAAABdAANYmF0Y2gudmVyc2lvbnQABTUuMC4xeA==',NULL),(66,'rO0ABXNyABFqYXZhLnV0aWwuSGFzaE1hcAUH2sHDFmDRAwACRgAKbG9hZEZhY3RvckkACXRocmVzaG9sZHhwP0AAAAAAAAx3CAAAABAAAAABdAANYmF0Y2gudmVyc2lvbnQABTUuMC4xeA==',NULL),(67,'rO0ABXNyABFqYXZhLnV0aWwuSGFzaE1hcAUH2sHDFmDRAwACRgAKbG9hZEZhY3RvckkACXRocmVzaG9sZHhwP0AAAAAAAAx3CAAAABAAAAABdAANYmF0Y2gudmVyc2lvbnQABTUuMC4xeA==',NULL),(68,'rO0ABXNyABFqYXZhLnV0aWwuSGFzaE1hcAUH2sHDFmDRAwACRgAKbG9hZEZhY3RvckkACXRocmVzaG9sZHhwP0AAAAAAAAx3CAAAABAAAAABdAANYmF0Y2gudmVyc2lvbnQABTUuMC4xeA==',NULL),(69,'rO0ABXNyABFqYXZhLnV0aWwuSGFzaE1hcAUH2sHDFmDRAwACRgAKbG9hZEZhY3RvckkACXRocmVzaG9sZHhwP0AAAAAAAAx3CAAAABAAAAABdAANYmF0Y2gudmVyc2lvbnQABTUuMC4xeA==',NULL),(70,'rO0ABXNyABFqYXZhLnV0aWwuSGFzaE1hcAUH2sHDFmDRAwACRgAKbG9hZEZhY3RvckkACXRocmVzaG9sZHhwP0AAAAAAAAx3CAAAABAAAAABdAANYmF0Y2gudmVyc2lvbnQABTUuMC4xeA==',NULL),(71,'rO0ABXNyABFqYXZhLnV0aWwuSGFzaE1hcAUH2sHDFmDRAwACRgAKbG9hZEZhY3RvckkACXRocmVzaG9sZHhwP0AAAAAAAAx3CAAAABAAAAABdAANYmF0Y2gudmVyc2lvbnQABTUuMC4xeA==',NULL),(72,'rO0ABXNyABFqYXZhLnV0aWwuSGFzaE1hcAUH2sHDFmDRAwACRgAKbG9hZEZhY3RvckkACXRocmVzaG9sZHhwP0AAAAAAAAx3CAAAABAAAAABdAANYmF0Y2gudmVyc2lvbnQABTUuMC4xeA==',NULL),(73,'rO0ABXNyABFqYXZhLnV0aWwuSGFzaE1hcAUH2sHDFmDRAwACRgAKbG9hZEZhY3RvckkACXRocmVzaG9sZHhwP0AAAAAAAAx3CAAAABAAAAABdAANYmF0Y2gudmVyc2lvbnQABTUuMC4xeA==',NULL),(74,'rO0ABXNyABFqYXZhLnV0aWwuSGFzaE1hcAUH2sHDFmDRAwACRgAKbG9hZEZhY3RvckkACXRocmVzaG9sZHhwP0AAAAAAAAx3CAAAABAAAAABdAANYmF0Y2gudmVyc2lvbnQABTUuMC4xeA==',NULL),(75,'rO0ABXNyABFqYXZhLnV0aWwuSGFzaE1hcAUH2sHDFmDRAwACRgAKbG9hZEZhY3RvckkACXRocmVzaG9sZHhwP0AAAAAAAAx3CAAAABAAAAABdAANYmF0Y2gudmVyc2lvbnQABTUuMC4xeA==',NULL),(76,'rO0ABXNyABFqYXZhLnV0aWwuSGFzaE1hcAUH2sHDFmDRAwACRgAKbG9hZEZhY3RvckkACXRocmVzaG9sZHhwP0AAAAAAAAx3CAAAABAAAAABdAANYmF0Y2gudmVyc2lvbnQABTUuMC4xeA==',NULL),(77,'rO0ABXNyABFqYXZhLnV0aWwuSGFzaE1hcAUH2sHDFmDRAwACRgAKbG9hZEZhY3RvckkACXRocmVzaG9sZHhwP0AAAAAAAAx3CAAAABAAAAABdAANYmF0Y2gudmVyc2lvbnQABTUuMC4xeA==',NULL),(78,'rO0ABXNyABFqYXZhLnV0aWwuSGFzaE1hcAUH2sHDFmDRAwACRgAKbG9hZEZhY3RvckkACXRocmVzaG9sZHhwP0AAAAAAAAx3CAAAABAAAAABdAANYmF0Y2gudmVyc2lvbnQABTUuMC4xeA==',NULL),(79,'rO0ABXNyABFqYXZhLnV0aWwuSGFzaE1hcAUH2sHDFmDRAwACRgAKbG9hZEZhY3RvckkACXRocmVzaG9sZHhwP0AAAAAAAAx3CAAAABAAAAABdAANYmF0Y2gudmVyc2lvbnQABTUuMC4xeA==',NULL),(80,'rO0ABXNyABFqYXZhLnV0aWwuSGFzaE1hcAUH2sHDFmDRAwACRgAKbG9hZEZhY3RvckkACXRocmVzaG9sZHhwP0AAAAAAAAx3CAAAABAAAAABdAANYmF0Y2gudmVyc2lvbnQABTUuMC4xeA==',NULL),(81,'rO0ABXNyABFqYXZhLnV0aWwuSGFzaE1hcAUH2sHDFmDRAwACRgAKbG9hZEZhY3RvckkACXRocmVzaG9sZHhwP0AAAAAAAAx3CAAAABAAAAABdAANYmF0Y2gudmVyc2lvbnQABTUuMC4xeA==',NULL),(82,'rO0ABXNyABFqYXZhLnV0aWwuSGFzaE1hcAUH2sHDFmDRAwACRgAKbG9hZEZhY3RvckkACXRocmVzaG9sZHhwP0AAAAAAAAx3CAAAABAAAAABdAANYmF0Y2gudmVyc2lvbnQABTUuMC4xeA==',NULL),(83,'rO0ABXNyABFqYXZhLnV0aWwuSGFzaE1hcAUH2sHDFmDRAwACRgAKbG9hZEZhY3RvckkACXRocmVzaG9sZHhwP0AAAAAAAAx3CAAAABAAAAABdAANYmF0Y2gudmVyc2lvbnQABTUuMC4xeA==',NULL),(84,'rO0ABXNyABFqYXZhLnV0aWwuSGFzaE1hcAUH2sHDFmDRAwACRgAKbG9hZEZhY3RvckkACXRocmVzaG9sZHhwP0AAAAAAAAx3CAAAABAAAAABdAANYmF0Y2gudmVyc2lvbnQABTUuMC4xeA==',NULL),(85,'rO0ABXNyABFqYXZhLnV0aWwuSGFzaE1hcAUH2sHDFmDRAwACRgAKbG9hZEZhY3RvckkACXRocmVzaG9sZHhwP0AAAAAAAAx3CAAAABAAAAABdAANYmF0Y2gudmVyc2lvbnQABTUuMC4xeA==',NULL),(86,'rO0ABXNyABFqYXZhLnV0aWwuSGFzaE1hcAUH2sHDFmDRAwACRgAKbG9hZEZhY3RvckkACXRocmVzaG9sZHhwP0AAAAAAAAx3CAAAABAAAAABdAANYmF0Y2gudmVyc2lvbnQABTUuMC4xeA==',NULL),(87,'rO0ABXNyABFqYXZhLnV0aWwuSGFzaE1hcAUH2sHDFmDRAwACRgAKbG9hZEZhY3RvckkACXRocmVzaG9sZHhwP0AAAAAAAAx3CAAAABAAAAABdAANYmF0Y2gudmVyc2lvbnQABTUuMC4xeA==',NULL),(88,'rO0ABXNyABFqYXZhLnV0aWwuSGFzaE1hcAUH2sHDFmDRAwACRgAKbG9hZEZhY3RvckkACXRocmVzaG9sZHhwP0AAAAAAAAx3CAAAABAAAAABdAANYmF0Y2gudmVyc2lvbnQABTUuMC4xeA==',NULL),(89,'rO0ABXNyABFqYXZhLnV0aWwuSGFzaE1hcAUH2sHDFmDRAwACRgAKbG9hZEZhY3RvckkACXRocmVzaG9sZHhwP0AAAAAAAAx3CAAAABAAAAABdAANYmF0Y2gudmVyc2lvbnQABTUuMC4xeA==',NULL),(90,'rO0ABXNyABFqYXZhLnV0aWwuSGFzaE1hcAUH2sHDFmDRAwACRgAKbG9hZEZhY3RvckkACXRocmVzaG9sZHhwP0AAAAAAAAx3CAAAABAAAAABdAANYmF0Y2gudmVyc2lvbnQABTUuMC4xeA==',NULL),(91,'rO0ABXNyABFqYXZhLnV0aWwuSGFzaE1hcAUH2sHDFmDRAwACRgAKbG9hZEZhY3RvckkACXRocmVzaG9sZHhwP0AAAAAAAAx3CAAAABAAAAABdAANYmF0Y2gudmVyc2lvbnQABTUuMC4xeA==',NULL),(92,'rO0ABXNyABFqYXZhLnV0aWwuSGFzaE1hcAUH2sHDFmDRAwACRgAKbG9hZEZhY3RvckkACXRocmVzaG9sZHhwP0AAAAAAAAx3CAAAABAAAAABdAANYmF0Y2gudmVyc2lvbnQABTUuMC4xeA==',NULL),(93,'rO0ABXNyABFqYXZhLnV0aWwuSGFzaE1hcAUH2sHDFmDRAwACRgAKbG9hZEZhY3RvckkACXRocmVzaG9sZHhwP0AAAAAAAAx3CAAAABAAAAABdAANYmF0Y2gudmVyc2lvbnQABTUuMC4xeA==',NULL),(94,'rO0ABXNyABFqYXZhLnV0aWwuSGFzaE1hcAUH2sHDFmDRAwACRgAKbG9hZEZhY3RvckkACXRocmVzaG9sZHhwP0AAAAAAAAx3CAAAABAAAAABdAANYmF0Y2gudmVyc2lvbnQABTUuMC4xeA==',NULL),(95,'rO0ABXNyABFqYXZhLnV0aWwuSGFzaE1hcAUH2sHDFmDRAwACRgAKbG9hZEZhY3RvckkACXRocmVzaG9sZHhwP0AAAAAAAAx3CAAAABAAAAABdAANYmF0Y2gudmVyc2lvbnQABTUuMC4xeA==',NULL),(96,'rO0ABXNyABFqYXZhLnV0aWwuSGFzaE1hcAUH2sHDFmDRAwACRgAKbG9hZEZhY3RvckkACXRocmVzaG9sZHhwP0AAAAAAAAx3CAAAABAAAAABdAANYmF0Y2gudmVyc2lvbnQABTUuMC4xeA==',NULL),(97,'rO0ABXNyABFqYXZhLnV0aWwuSGFzaE1hcAUH2sHDFmDRAwACRgAKbG9hZEZhY3RvckkACXRocmVzaG9sZHhwP0AAAAAAAAx3CAAAABAAAAABdAANYmF0Y2gudmVyc2lvbnQABTUuMC4xeA==',NULL),(98,'rO0ABXNyABFqYXZhLnV0aWwuSGFzaE1hcAUH2sHDFmDRAwACRgAKbG9hZEZhY3RvckkACXRocmVzaG9sZHhwP0AAAAAAAAx3CAAAABAAAAABdAANYmF0Y2gudmVyc2lvbnQABTUuMC4xeA==',NULL);
/*!40000 ALTER TABLE `BATCH_JOB_EXECUTION_CONTEXT` ENABLE KEYS */;
UNLOCK TABLES;

--
-- Table structure for table `BATCH_JOB_EXECUTION_PARAMS`
--

DROP TABLE IF EXISTS `BATCH_JOB_EXECUTION_PARAMS`;
/*!40101 SET @saved_cs_client     = @@character_set_client */;
/*!50503 SET character_set_client = utf8mb4 */;
CREATE TABLE `BATCH_JOB_EXECUTION_PARAMS` (
  `JOB_EXECUTION_ID` bigint NOT NULL,
  `PARAMETER_NAME` varchar(100) NOT NULL,
  `PARAMETER_TYPE` varchar(100) NOT NULL,
  `PARAMETER_VALUE` varchar(2500) DEFAULT NULL,
  `IDENTIFYING` char(1) NOT NULL,
  KEY `JOB_EXEC_PARAMS_FK` (`JOB_EXECUTION_ID`),
  CONSTRAINT `JOB_EXEC_PARAMS_FK` FOREIGN KEY (`JOB_EXECUTION_ID`) REFERENCES `BATCH_JOB_EXECUTION` (`JOB_EXECUTION_ID`)
) ENGINE=InnoDB DEFAULT CHARSET=utf8mb4 COLLATE=utf8mb4_0900_ai_ci;
/*!40101 SET character_set_client = @saved_cs_client */;

--
-- Dumping data for table `BATCH_JOB_EXECUTION_PARAMS`
--

LOCK TABLES `BATCH_JOB_EXECUTION_PARAMS` WRITE;
/*!40000 ALTER TABLE `BATCH_JOB_EXECUTION_PARAMS` DISABLE KEYS */;
INSERT INTO `BATCH_JOB_EXECUTION_PARAMS` VALUES (1,'JobID','java.lang.String','1680852115336','Y'),(2,'JobID','java.lang.String','1680852125327','Y'),(3,'JobID','java.lang.String','1680852135331','Y'),(4,'JobID','java.lang.String','1680852145331','Y'),(5,'JobID','java.lang.String','1680852155331','Y'),(6,'JobID','java.lang.String','1680852165330','Y'),(7,'JobID','java.lang.String','1680852179824','Y'),(8,'JobID','java.lang.String','1680852230135','Y'),(9,'JobID','java.lang.String','1680852240135','Y'),(11,'JobID','java.lang.String','1680852355296','Y'),(13,'JobID','java.lang.String','1680852372114','Y'),(14,'JobID','java.lang.String','1680852382106','Y'),(15,'JobID','java.lang.String','1680852392105','Y'),(16,'JobID','java.lang.String','1680852402100','Y'),(17,'JobID','java.lang.String','1680852412100','Y'),(18,'JobID','java.lang.String','1680852422104','Y'),(19,'JobID','java.lang.String','1680852432102','Y'),(20,'JobID','java.lang.String','1680852442100','Y'),(21,'JobID','java.lang.String','1680852452100','Y'),(22,'JobID','java.lang.String','1680852462101','Y'),(23,'JobID','java.lang.String','1680852472101','Y'),(24,'JobID','java.lang.String','1680852482101','Y'),(25,'JobID','java.lang.String','1680852492101','Y'),(26,'JobID','java.lang.String','1680852502100','Y'),(27,'JobID','java.lang.String','1680852512100','Y'),(28,'JobID','java.lang.String','1680852522100','Y'),(29,'JobID','java.lang.String','1680852532098','Y'),(31,'JobID','java.lang.String','1680852588021','Y'),(32,'JobID','java.lang.String','1680852686423','Y'),(33,'JobID','java.lang.String','1680852696418','Y'),(34,'JobID','java.lang.String','1680852946247','Y'),(35,'JobID','java.lang.String','1680852956240','Y'),(36,'JobID','java.lang.String','1680852966301','Y'),(37,'JobID','java.lang.String','1680852976302','Y'),(38,'JobID','java.lang.String','1680852986300','Y'),(39,'JobID','java.lang.String','1680852996295','Y'),(40,'JobID','java.lang.String','1680853006299','Y'),(41,'JobID','java.lang.String','1680853016299','Y'),(42,'JobID','java.lang.String','1680853026298','Y'),(43,'JobID','java.lang.String','1680853036298','Y'),(44,'JobID','java.lang.String','1680853046297','Y'),(45,'JobID','java.lang.String','1680853056294','Y'),(46,'JobID','java.lang.String','1680853066294','Y'),(47,'JobID','java.lang.String','1680853076294','Y'),(48,'JobID','java.lang.String','1680853086295','Y'),(49,'JobID','java.lang.String','1680853096294','Y'),(50,'JobID','java.lang.String','1680853106296','Y'),(51,'JobID','java.lang.String','1680853116295','Y'),(52,'JobID','java.lang.String','1680853126296','Y'),(53,'JobID','java.lang.String','1680853136293','Y'),(54,'JobID','java.lang.String','1680853152702','Y'),(55,'JobID','java.lang.String','1680853162700','Y'),(56,'JobID','java.lang.String','1680853172699','Y'),(57,'JobID','java.lang.String','1680853182700','Y'),(58,'JobID','java.lang.String','1680853192695','Y'),(59,'JobID','java.lang.String','1680853202694','Y'),(60,'JobID','java.lang.String','1680853212698','Y'),(61,'JobID','java.lang.String','1680853222698','Y'),(62,'JobID','java.lang.String','1680853232698','Y'),(63,'JobID','java.lang.String','1680853242697','Y'),(64,'JobID','java.lang.String','1680853252692','Y'),(65,'JobID','java.lang.String','1680853262695','Y'),(66,'JobID','java.lang.String','1680853272695','Y'),(67,'JobID','java.lang.String','1680853282693','Y'),(68,'JobID','java.lang.String','1680853292694','Y'),(69,'JobID','java.lang.String','1680853302694','Y'),(70,'JobID','java.lang.String','1680853312692','Y'),(71,'JobID','java.lang.String','1680853322693','Y'),(72,'JobID','java.lang.String','1680853332694','Y'),(73,'JobID','java.lang.String','1680853342691','Y'),(74,'JobID','java.lang.String','1680853352689','Y'),(75,'JobID','java.lang.String','1680853362689','Y'),(76,'JobID','java.lang.String','1680853372688','Y'),(77,'JobID','java.lang.String','1680853382690','Y'),(78,'JobID','java.lang.String','1680853392690','Y'),(79,'JobID','java.lang.String','1680853402688','Y'),(80,'JobID','java.lang.String','1680853412689','Y'),(81,'JobID','java.lang.String','1680853422690','Y'),(82,'JobID','java.lang.String','1680853446124','Y'),(83,'JobID','java.lang.String','1680853456123','Y'),(84,'JobID','java.lang.String','1680853466123','Y'),(85,'JobID','java.lang.String','1680853476121','Y'),(86,'JobID','java.lang.String','1680853486117','Y'),(87,'JobID','java.lang.String','1680853506729','Y'),(88,'JobID','java.lang.String','1680854332276','Y'),(89,'JobID','java.lang.String','1680854342271','Y'),(90,'JobID','java.lang.String','1680854352270','Y'),(91,'JobID','java.lang.String','1680854655272','Y'),(92,'JobID','java.lang.String','1680854808546','Y'),(93,'JobID','java.lang.String','1680854839485','Y'),(94,'JobID','java.lang.String','1680854849478','Y'),(95,'JobID','java.lang.String','1680855113320','Y'),(96,'JobID','java.lang.String','1680855123308','Y'),(97,'JobID','java.lang.String','1680855278283','Y'),(98,'JobID','java.lang.String','1680855622516','Y');
/*!40000 ALTER TABLE `BATCH_JOB_EXECUTION_PARAMS` ENABLE KEYS */;
UNLOCK TABLES;

--
-- Table structure for table `BATCH_JOB_EXECUTION_SEQ`
--

DROP TABLE IF EXISTS `BATCH_JOB_EXECUTION_SEQ`;
/*!40101 SET @saved_cs_client     = @@character_set_client */;
/*!50503 SET character_set_client = utf8mb4 */;
CREATE TABLE `BATCH_JOB_EXECUTION_SEQ` (
  `ID` bigint NOT NULL,
  `UNIQUE_KEY` char(1) NOT NULL,
  UNIQUE KEY `UNIQUE_KEY_UN` (`UNIQUE_KEY`)
) ENGINE=InnoDB DEFAULT CHARSET=utf8mb4 COLLATE=utf8mb4_0900_ai_ci;
/*!40101 SET character_set_client = @saved_cs_client */;

--
-- Dumping data for table `BATCH_JOB_EXECUTION_SEQ`
--

LOCK TABLES `BATCH_JOB_EXECUTION_SEQ` WRITE;
/*!40000 ALTER TABLE `BATCH_JOB_EXECUTION_SEQ` DISABLE KEYS */;
INSERT INTO `BATCH_JOB_EXECUTION_SEQ` VALUES (98,'0');
/*!40000 ALTER TABLE `BATCH_JOB_EXECUTION_SEQ` ENABLE KEYS */;
UNLOCK TABLES;

--
-- Table structure for table `BATCH_JOB_INSTANCE`
--

DROP TABLE IF EXISTS `BATCH_JOB_INSTANCE`;
/*!40101 SET @saved_cs_client     = @@character_set_client */;
/*!50503 SET character_set_client = utf8mb4 */;
CREATE TABLE `BATCH_JOB_INSTANCE` (
  `JOB_INSTANCE_ID` bigint NOT NULL,
  `VERSION` bigint DEFAULT NULL,
  `JOB_NAME` varchar(100) NOT NULL,
  `JOB_KEY` varchar(32) NOT NULL,
  PRIMARY KEY (`JOB_INSTANCE_ID`),
  UNIQUE KEY `JOB_INST_UN` (`JOB_NAME`,`JOB_KEY`)
) ENGINE=InnoDB DEFAULT CHARSET=utf8mb4 COLLATE=utf8mb4_0900_ai_ci;
/*!40101 SET character_set_client = @saved_cs_client */;

--
-- Dumping data for table `BATCH_JOB_INSTANCE`
--

LOCK TABLES `BATCH_JOB_INSTANCE` WRITE;
/*!40000 ALTER TABLE `BATCH_JOB_INSTANCE` DISABLE KEYS */;
INSERT INTO `BATCH_JOB_INSTANCE` VALUES (1,0,'invoicesJob','2f975dcff3a2f0e8e285b0a5f00a1954'),(2,0,'invoicesJob','4d5f74540948b805d5246f49b99615c4'),(3,0,'invoicesJob','23d33ec0630a62a7b53d6930be471a98'),(4,0,'invoicesJob','89c1a028a3fdd111dfc8a803a17b6e5f'),(5,0,'invoicesJob','7874878633d527745c536b376c51b839'),(6,0,'invoicesJob','bc174b612fa3ba443d801dca571472d0'),(7,0,'invoicesJob','ed15aaf3bffb2b5537ccb8f6e7ffbf00'),(8,0,'invoicesJob','ed9d9a72cea0bb2fd0eea4a077ea1609'),(9,0,'invoicesJob','4cb7d4aa7aa190a64d8978aecc587885'),(10,0,'invoicesJob','d41d8cd98f00b204e9800998ecf8427e'),(11,0,'invoicesJob','550bcad70e0094d6dde7b5ca1b5e2466'),(12,0,'invoicesJob','01dfe782b285d9b145474fa838fd2451'),(13,0,'invoicesJob','096d96df2c3fb9c9cd350b8290eebb06'),(14,0,'invoicesJob','16a898792d1e24c1e274eb7f36fe1457'),(15,0,'invoicesJob','e43b74e76e665e3a9addd24e643f7668'),(16,0,'invoicesJob','184385de77946fb9f22c2060914436e4'),(17,0,'invoicesJob','21f19019d7c6fcee2d85bf4406d48184'),(18,0,'invoicesJob','4043b9a180559d5669904d2d870d265b'),(19,0,'invoicesJob','7828a0ea5e8644f365c96a61920303f0'),(20,0,'invoicesJob','065457de826114f46bfac7e7594b17a6'),(21,0,'invoicesJob','8366bf5af2af29da92d5e5a4d6741c5b'),(22,0,'invoicesJob','16e54fd2053838467f9df38657388452'),(23,0,'invoicesJob','1a5c2b592b9b2309c6c30c46ad0eebe4'),(24,0,'invoicesJob','7681865bfb3b8d4a82815b16fc5e59f9'),(25,0,'invoicesJob','5f0bddfbe923ad2bd0941f51f12fd9ef'),(26,0,'invoicesJob','f7e119c5decf4dff359cded3c816039b'),(27,0,'invoicesJob','ef28d32e6b77bae0c8f6a6aba8840ffa'),(28,0,'invoicesJob','1460006a85ac29f8a1061ac615b48f5d'),(29,0,'invoicesJob','9566805c52e690ac5d535664116f677d'),(30,0,'invoicesJob','e0e05a68984fbef6b1c58960ddced03a'),(31,0,'invoicesJob','d1651614259f09897d18e1bbf571b1c1'),(32,0,'invoicesJob','793653d27023b95e9a97d66aca0581c9'),(33,0,'invoicesJob','db5589daf2d25d7083ff6e1014f72d7e'),(34,0,'invoicesJob','c22cf0800e59282aaf756401e0665558'),(35,0,'invoicesJob','102369117847c55954003c4706d9d784'),(36,0,'invoicesJob','2df75584ae10227b274634840462d4a3'),(37,0,'invoicesJob','92b5ca2a5b0347443f5e8b3f121d5f3f'),(38,0,'invoicesJob','03ede8cb87267b89a638888452bfdb9a'),(39,0,'invoicesJob','f270e59c22139303d10cc8a712835fb1'),(40,0,'invoicesJob','2242cfe33fde391e259efcfacd810b98'),(41,0,'invoicesJob','717644630506b4c66ffe587509a55b15'),(42,0,'invoicesJob','29037917af6df89a60fcfa5d038264c6'),(43,0,'invoicesJob','34a82f5187d4bb801f249b8c870642fd'),(44,0,'invoicesJob','b4dfef1ff43489858fc7a43bd653f8c4'),(45,0,'invoicesJob','8ae5e41930fe6884cd0a7d99fb17e935'),(46,0,'invoicesJob','fec8587eae4c3f41eb713753096eb2b7'),(47,0,'invoicesJob','870289ee111d260be2077bfbd059d6ce'),(48,0,'invoicesJob','42ce7055719750894bc2830b1be1798c'),(49,0,'invoicesJob','f7a0f943a20cfc74b539348b63c0d4f6'),(50,0,'invoicesJob','cef20659b62b6179463ddae56dc73779'),(51,0,'invoicesJob','335d493d1bcfc49bc7816a9369db909c'),(52,0,'invoicesJob','4b3342a0221e420c43380e00d36db6df'),(53,0,'invoicesJob','eba1887b1802813a7f4dc09da6ce07e8'),(54,0,'invoicesJob','59928da22b13fac5f2a2959dbb74057e'),(55,0,'invoicesJob','3a70c21658f08ab56d2671f713b6e29e'),(56,0,'invoicesJob','9b2d7058dcb05933ac521eb6bc9629c7'),(57,0,'invoicesJob','4585d25a7f36bbf6f3f0851ce728b8b0'),(58,0,'invoicesJob','96af43f68c9dfaafe0fa0e40f2fee899'),(59,0,'invoicesJob','df65712acc60a894b66d20080e4fb38a'),(60,0,'invoicesJob','0fa329b80030c9f02c8f71949bd0a22d'),(61,0,'invoicesJob','eac1459502cf6ef6417b33a4a06c3dfc'),(62,0,'invoicesJob','923144d06132d9a249ce0dfea73e4ff4'),(63,0,'invoicesJob','59a0dc245ef2acb31aa15719a3f02838'),(64,0,'invoicesJob','018d943be1893f643cd3fd5704fe4c1a'),(65,0,'invoicesJob','49eaaf6a33311e27db0e38176f1b72d7'),(66,0,'invoicesJob','73b2f2daa15223726332963ba437d08a'),(67,0,'invoicesJob','5a12fa0194e7eea820917fd9fc84a02b'),(68,0,'invoicesJob','8fa8d731d34451d9a83839f834b7531d'),(69,0,'invoicesJob','16d47f32816b155618d9a10f8a1862dd'),(70,0,'invoicesJob','7fb97a06baf273c097d183d5aa147893'),(71,0,'invoicesJob','65b993f37d325bfa59b9ea98f1e6ba4d'),(72,0,'invoicesJob','59dd8698f61dbe14f0e7e8e45b6dc327'),(73,0,'invoicesJob','dfb098a19fcb4473653ae4d4868ffb0a'),(74,0,'invoicesJob','41933eb8a2e4082086a241b2e1cf2c5e'),(75,0,'invoicesJob','3c07fbef60f0072e840b65422c15f996'),(76,0,'invoicesJob','0d67d0d1ab8b83560872eaa0a102954b'),(77,0,'invoicesJob','3e35d9fb5bbdd396db4522ba42e45dd8'),(78,0,'invoicesJob','217f7d4a6e356d0310e54560837065f2'),(79,0,'invoicesJob','5c10215e92c55a3aa2dbda1cffefe514'),(80,0,'invoicesJob','a06ec9ac79a74704349226c9f2db6d91'),(81,0,'invoicesJob','cd49e0910e4dfe4dd83e8d503e7b829e'),(82,0,'invoicesJob','9ac56fe4edf75da7fde92b9b6ca5927f'),(83,0,'invoicesJob','0342906533358529d68535318c2fb718'),(84,0,'invoicesJob','a7c61330ad917447bc2683ceda341ce1'),(85,0,'invoicesJob','b3eed6fb44d472a4f54e222bd412be59'),(86,0,'invoicesJob','b5dd3795148de161594a8b26fbfa8716'),(87,0,'invoicesJob','f9c29e08576d72793c6b2a35c99cb5e0'),(88,0,'invoicesJob','fbbad1cdf81921b46b0fdcb46daec5ca'),(89,0,'invoicesJob','b2a16ff0f4e49db80ce62d6f5f3a4852'),(90,0,'invoicesJob','d26d2d735ca499a5a60465f7b3bbfe13'),(91,0,'invoicesJob','8b40c4bcb34c1f3041363253a6bb1583'),(92,0,'invoicesJob','ad9227c764e8abf59c0c298b4a7e28b9'),(93,0,'invoicesJob','93ad960593c6418fd6d66c0efbfad75c'),(94,0,'invoicesJob','b92d2b6f6f47233cf089d23b49e4562f'),(95,0,'invoicesJob','d390269b2aa81d1b1a71d237a4b61eb1'),(96,0,'invoicesJob','661c4eb2b50039a1ae34825ed3b10e6d');
/*!40000 ALTER TABLE `BATCH_JOB_INSTANCE` ENABLE KEYS */;
UNLOCK TABLES;

--
-- Table structure for table `BATCH_JOB_SEQ`
--

DROP TABLE IF EXISTS `BATCH_JOB_SEQ`;
/*!40101 SET @saved_cs_client     = @@character_set_client */;
/*!50503 SET character_set_client = utf8mb4 */;
CREATE TABLE `BATCH_JOB_SEQ` (
  `ID` bigint NOT NULL,
  `UNIQUE_KEY` char(1) NOT NULL,
  UNIQUE KEY `UNIQUE_KEY_UN` (`UNIQUE_KEY`)
) ENGINE=InnoDB DEFAULT CHARSET=utf8mb4 COLLATE=utf8mb4_0900_ai_ci;
/*!40101 SET character_set_client = @saved_cs_client */;

--
-- Dumping data for table `BATCH_JOB_SEQ`
--

LOCK TABLES `BATCH_JOB_SEQ` WRITE;
/*!40000 ALTER TABLE `BATCH_JOB_SEQ` DISABLE KEYS */;
INSERT INTO `BATCH_JOB_SEQ` VALUES (96,'0');
/*!40000 ALTER TABLE `BATCH_JOB_SEQ` ENABLE KEYS */;
UNLOCK TABLES;

--
-- Table structure for table `BATCH_STEP_EXECUTION`
--

DROP TABLE IF EXISTS `BATCH_STEP_EXECUTION`;
/*!40101 SET @saved_cs_client     = @@character_set_client */;
/*!50503 SET character_set_client = utf8mb4 */;
CREATE TABLE `BATCH_STEP_EXECUTION` (
  `STEP_EXECUTION_ID` bigint NOT NULL,
  `VERSION` bigint NOT NULL,
  `STEP_NAME` varchar(100) NOT NULL,
  `JOB_EXECUTION_ID` bigint NOT NULL,
  `CREATE_TIME` datetime(6) NOT NULL,
  `START_TIME` datetime(6) DEFAULT NULL,
  `END_TIME` datetime(6) DEFAULT NULL,
  `STATUS` varchar(10) DEFAULT NULL,
  `COMMIT_COUNT` bigint DEFAULT NULL,
  `READ_COUNT` bigint DEFAULT NULL,
  `FILTER_COUNT` bigint DEFAULT NULL,
  `WRITE_COUNT` bigint DEFAULT NULL,
  `READ_SKIP_COUNT` bigint DEFAULT NULL,
  `WRITE_SKIP_COUNT` bigint DEFAULT NULL,
  `PROCESS_SKIP_COUNT` bigint DEFAULT NULL,
  `ROLLBACK_COUNT` bigint DEFAULT NULL,
  `EXIT_CODE` varchar(2500) DEFAULT NULL,
  `EXIT_MESSAGE` varchar(2500) DEFAULT NULL,
  `LAST_UPDATED` datetime(6) DEFAULT NULL,
  PRIMARY KEY (`STEP_EXECUTION_ID`),
  KEY `JOB_EXEC_STEP_FK` (`JOB_EXECUTION_ID`),
  CONSTRAINT `JOB_EXEC_STEP_FK` FOREIGN KEY (`JOB_EXECUTION_ID`) REFERENCES `BATCH_JOB_EXECUTION` (`JOB_EXECUTION_ID`)
) ENGINE=InnoDB DEFAULT CHARSET=utf8mb4 COLLATE=utf8mb4_0900_ai_ci;
/*!40101 SET character_set_client = @saved_cs_client */;

--
-- Dumping data for table `BATCH_STEP_EXECUTION`
--

LOCK TABLES `BATCH_STEP_EXECUTION` WRITE;
/*!40000 ALTER TABLE `BATCH_STEP_EXECUTION` DISABLE KEYS */;
INSERT INTO `BATCH_STEP_EXECUTION` VALUES (1,2,'invoices',1,'2023-04-07 10:21:55.496808','2023-04-07 10:21:55.509615','2023-04-07 10:21:55.549195','FAILED',0,0,0,0,0,0,0,5,'FAILED','java.lang.IllegalArgumentException: Sort must not be null\n	at org.springframework.util.Assert.notNull(Assert.java:204)\n	at org.springframework.data.domain.PageRequest.<init>(PageRequest.java:47)\n	at org.springframework.data.domain.PageRequest.of(PageRequest.java:72)\n	at org.springframework.batch.item.data.RepositoryItemReader.doPageRead(RepositoryItemReader.java:214)\n	at org.springframework.batch.item.data.RepositoryItemReader.doRead(RepositoryItemReader.java:174)\n	at org.springframework.batch.item.support.AbstractItemCountingItemStreamItemReader.read(AbstractItemCountingItemStreamItemReader.java:95)\n	at org.springframework.batch.core.step.item.SimpleChunkProvider.doRead(SimpleChunkProvider.java:110)\n	at org.springframework.batch.core.step.item.SimpleChunkProvider.read(SimpleChunkProvider.java:189)\n	at org.springframework.batch.core.step.item.SimpleChunkProvider$1.doInIteration(SimpleChunkProvider.java:137)\n	at org.springframework.batch.repeat.support.RepeatTemplate.getNextResult(RepeatTemplate.java:362)\n	at org.springframework.batch.repeat.support.RepeatTemplate.executeInternal(RepeatTemplate.java:206)\n	at org.springframework.batch.repeat.support.RepeatTemplate.iterate(RepeatTemplate.java:139)\n	at org.springframework.batch.core.step.item.SimpleChunkProvider.provide(SimpleChunkProvider.java:129)\n	at org.springframework.batch.core.step.item.ChunkOrientedTasklet.execute(ChunkOrientedTasklet.java:69)\n	at org.springframework.batch.core.step.tasklet.TaskletStep$ChunkTransactionCallback.doInTransaction(TaskletStep.java:389)\n	at org.springframework.batch.core.step.tasklet.TaskletStep$ChunkTransactionCallback.doInTransaction(TaskletStep.java:313)\n	at org.springframework.transaction.support.TransactionTemplate.execute(TransactionTemplate.java:140)\n	at org.springframework.batch.core.step.tasklet.TaskletStep$2.doInChunkContext(TaskletStep.java:256)\n	at org.springframework.batch.core.scope.context.StepContextRepeatCallback.doInIteration(StepContextRepeatCallback.java:82)\n	at org.springframework.batch.repeat.support.TaskExecutorRepeatTemplate$ExecutingRunnable.run(TaskExecutorRepeatTemplate.java:261)\n	at org.springframework.core.task.SimpleAsyncTaskExecutor$ConcurrencyThrottlingRunnable.run(SimpleAsyncTaskExecutor.java:285)\n	at java.base/java.lang.Thread.run(Thread.java:833)\n','2023-04-07 10:21:55.549934'),(2,2,'invoices',2,'2023-04-07 10:22:05.459708','2023-04-07 10:22:05.475643','2023-04-07 10:22:05.506025','FAILED',0,0,0,0,0,0,0,5,'FAILED','java.lang.IllegalArgumentException: Sort must not be null\n	at org.springframework.util.Assert.notNull(Assert.java:204)\n	at org.springframework.data.domain.PageRequest.<init>(PageRequest.java:47)\n	at org.springframework.data.domain.PageRequest.of(PageRequest.java:72)\n	at org.springframework.batch.item.data.RepositoryItemReader.doPageRead(RepositoryItemReader.java:214)\n	at org.springframework.batch.item.data.RepositoryItemReader.doRead(RepositoryItemReader.java:174)\n	at org.springframework.batch.item.support.AbstractItemCountingItemStreamItemReader.read(AbstractItemCountingItemStreamItemReader.java:95)\n	at org.springframework.batch.core.step.item.SimpleChunkProvider.doRead(SimpleChunkProvider.java:110)\n	at org.springframework.batch.core.step.item.SimpleChunkProvider.read(SimpleChunkProvider.java:189)\n	at org.springframework.batch.core.step.item.SimpleChunkProvider$1.doInIteration(SimpleChunkProvider.java:137)\n	at org.springframework.batch.repeat.support.RepeatTemplate.getNextResult(RepeatTemplate.java:362)\n	at org.springframework.batch.repeat.support.RepeatTemplate.executeInternal(RepeatTemplate.java:206)\n	at org.springframework.batch.repeat.support.RepeatTemplate.iterate(RepeatTemplate.java:139)\n	at org.springframework.batch.core.step.item.SimpleChunkProvider.provide(SimpleChunkProvider.java:129)\n	at org.springframework.batch.core.step.item.ChunkOrientedTasklet.execute(ChunkOrientedTasklet.java:69)\n	at org.springframework.batch.core.step.tasklet.TaskletStep$ChunkTransactionCallback.doInTransaction(TaskletStep.java:389)\n	at org.springframework.batch.core.step.tasklet.TaskletStep$ChunkTransactionCallback.doInTransaction(TaskletStep.java:313)\n	at org.springframework.transaction.support.TransactionTemplate.execute(TransactionTemplate.java:140)\n	at org.springframework.batch.core.step.tasklet.TaskletStep$2.doInChunkContext(TaskletStep.java:256)\n	at org.springframework.batch.core.scope.context.StepContextRepeatCallback.doInIteration(StepContextRepeatCallback.java:82)\n	at org.springframework.batch.repeat.support.TaskExecutorRepeatTemplate$ExecutingRunnable.run(TaskExecutorRepeatTemplate.java:261)\n	at org.springframework.core.task.SimpleAsyncTaskExecutor$ConcurrencyThrottlingRunnable.run(SimpleAsyncTaskExecutor.java:285)\n	at java.base/java.lang.Thread.run(Thread.java:833)\n','2023-04-07 10:22:05.507219'),(3,2,'invoices',3,'2023-04-07 10:22:15.464174','2023-04-07 10:22:15.479825','2023-04-07 10:22:15.516075','FAILED',0,0,0,0,0,0,0,5,'FAILED','java.lang.IllegalArgumentException: Sort must not be null\n	at org.springframework.util.Assert.notNull(Assert.java:204)\n	at org.springframework.data.domain.PageRequest.<init>(PageRequest.java:47)\n	at org.springframework.data.domain.PageRequest.of(PageRequest.java:72)\n	at org.springframework.batch.item.data.RepositoryItemReader.doPageRead(RepositoryItemReader.java:214)\n	at org.springframework.batch.item.data.RepositoryItemReader.doRead(RepositoryItemReader.java:174)\n	at org.springframework.batch.item.support.AbstractItemCountingItemStreamItemReader.read(AbstractItemCountingItemStreamItemReader.java:95)\n	at org.springframework.batch.core.step.item.SimpleChunkProvider.doRead(SimpleChunkProvider.java:110)\n	at org.springframework.batch.core.step.item.SimpleChunkProvider.read(SimpleChunkProvider.java:189)\n	at org.springframework.batch.core.step.item.SimpleChunkProvider$1.doInIteration(SimpleChunkProvider.java:137)\n	at org.springframework.batch.repeat.support.RepeatTemplate.getNextResult(RepeatTemplate.java:362)\n	at org.springframework.batch.repeat.support.RepeatTemplate.executeInternal(RepeatTemplate.java:206)\n	at org.springframework.batch.repeat.support.RepeatTemplate.iterate(RepeatTemplate.java:139)\n	at org.springframework.batch.core.step.item.SimpleChunkProvider.provide(SimpleChunkProvider.java:129)\n	at org.springframework.batch.core.step.item.ChunkOrientedTasklet.execute(ChunkOrientedTasklet.java:69)\n	at org.springframework.batch.core.step.tasklet.TaskletStep$ChunkTransactionCallback.doInTransaction(TaskletStep.java:389)\n	at org.springframework.batch.core.step.tasklet.TaskletStep$ChunkTransactionCallback.doInTransaction(TaskletStep.java:313)\n	at org.springframework.transaction.support.TransactionTemplate.execute(TransactionTemplate.java:140)\n	at org.springframework.batch.core.step.tasklet.TaskletStep$2.doInChunkContext(TaskletStep.java:256)\n	at org.springframework.batch.core.scope.context.StepContextRepeatCallback.doInIteration(StepContextRepeatCallback.java:82)\n	at org.springframework.batch.repeat.support.TaskExecutorRepeatTemplate$ExecutingRunnable.run(TaskExecutorRepeatTemplate.java:261)\n	at org.springframework.core.task.SimpleAsyncTaskExecutor$ConcurrencyThrottlingRunnable.run(SimpleAsyncTaskExecutor.java:285)\n	at java.base/java.lang.Thread.run(Thread.java:833)\n','2023-04-07 10:22:15.516939'),(4,2,'invoices',4,'2023-04-07 10:22:25.449722','2023-04-07 10:22:25.464537','2023-04-07 10:22:25.493801','FAILED',0,0,0,0,0,0,0,5,'FAILED','java.lang.IllegalArgumentException: Sort must not be null\n	at org.springframework.util.Assert.notNull(Assert.java:204)\n	at org.springframework.data.domain.PageRequest.<init>(PageRequest.java:47)\n	at org.springframework.data.domain.PageRequest.of(PageRequest.java:72)\n	at org.springframework.batch.item.data.RepositoryItemReader.doPageRead(RepositoryItemReader.java:214)\n	at org.springframework.batch.item.data.RepositoryItemReader.doRead(RepositoryItemReader.java:174)\n	at org.springframework.batch.item.support.AbstractItemCountingItemStreamItemReader.read(AbstractItemCountingItemStreamItemReader.java:95)\n	at org.springframework.batch.core.step.item.SimpleChunkProvider.doRead(SimpleChunkProvider.java:110)\n	at org.springframework.batch.core.step.item.SimpleChunkProvider.read(SimpleChunkProvider.java:189)\n	at org.springframework.batch.core.step.item.SimpleChunkProvider$1.doInIteration(SimpleChunkProvider.java:137)\n	at org.springframework.batch.repeat.support.RepeatTemplate.getNextResult(RepeatTemplate.java:362)\n	at org.springframework.batch.repeat.support.RepeatTemplate.executeInternal(RepeatTemplate.java:206)\n	at org.springframework.batch.repeat.support.RepeatTemplate.iterate(RepeatTemplate.java:139)\n	at org.springframework.batch.core.step.item.SimpleChunkProvider.provide(SimpleChunkProvider.java:129)\n	at org.springframework.batch.core.step.item.ChunkOrientedTasklet.execute(ChunkOrientedTasklet.java:69)\n	at org.springframework.batch.core.step.tasklet.TaskletStep$ChunkTransactionCallback.doInTransaction(TaskletStep.java:389)\n	at org.springframework.batch.core.step.tasklet.TaskletStep$ChunkTransactionCallback.doInTransaction(TaskletStep.java:313)\n	at org.springframework.transaction.support.TransactionTemplate.execute(TransactionTemplate.java:140)\n	at org.springframework.batch.core.step.tasklet.TaskletStep$2.doInChunkContext(TaskletStep.java:256)\n	at org.springframework.batch.core.scope.context.StepContextRepeatCallback.doInIteration(StepContextRepeatCallback.java:82)\n	at org.springframework.batch.repeat.support.TaskExecutorRepeatTemplate$ExecutingRunnable.run(TaskExecutorRepeatTemplate.java:261)\n	at org.springframework.core.task.SimpleAsyncTaskExecutor$ConcurrencyThrottlingRunnable.run(SimpleAsyncTaskExecutor.java:285)\n	at java.base/java.lang.Thread.run(Thread.java:833)\n','2023-04-07 10:22:25.494611'),(5,2,'invoices',5,'2023-04-07 10:22:35.479923','2023-04-07 10:22:35.492201','2023-04-07 10:22:35.522039','FAILED',0,0,0,0,0,0,0,5,'FAILED','java.lang.IllegalArgumentException: Sort must not be null\n	at org.springframework.util.Assert.notNull(Assert.java:204)\n	at org.springframework.data.domain.PageRequest.<init>(PageRequest.java:47)\n	at org.springframework.data.domain.PageRequest.of(PageRequest.java:72)\n	at org.springframework.batch.item.data.RepositoryItemReader.doPageRead(RepositoryItemReader.java:214)\n	at org.springframework.batch.item.data.RepositoryItemReader.doRead(RepositoryItemReader.java:174)\n	at org.springframework.batch.item.support.AbstractItemCountingItemStreamItemReader.read(AbstractItemCountingItemStreamItemReader.java:95)\n	at org.springframework.batch.core.step.item.SimpleChunkProvider.doRead(SimpleChunkProvider.java:110)\n	at org.springframework.batch.core.step.item.SimpleChunkProvider.read(SimpleChunkProvider.java:189)\n	at org.springframework.batch.core.step.item.SimpleChunkProvider$1.doInIteration(SimpleChunkProvider.java:137)\n	at org.springframework.batch.repeat.support.RepeatTemplate.getNextResult(RepeatTemplate.java:362)\n	at org.springframework.batch.repeat.support.RepeatTemplate.executeInternal(RepeatTemplate.java:206)\n	at org.springframework.batch.repeat.support.RepeatTemplate.iterate(RepeatTemplate.java:139)\n	at org.springframework.batch.core.step.item.SimpleChunkProvider.provide(SimpleChunkProvider.java:129)\n	at org.springframework.batch.core.step.item.ChunkOrientedTasklet.execute(ChunkOrientedTasklet.java:69)\n	at org.springframework.batch.core.step.tasklet.TaskletStep$ChunkTransactionCallback.doInTransaction(TaskletStep.java:389)\n	at org.springframework.batch.core.step.tasklet.TaskletStep$ChunkTransactionCallback.doInTransaction(TaskletStep.java:313)\n	at org.springframework.transaction.support.TransactionTemplate.execute(TransactionTemplate.java:140)\n	at org.springframework.batch.core.step.tasklet.TaskletStep$2.doInChunkContext(TaskletStep.java:256)\n	at org.springframework.batch.core.scope.context.StepContextRepeatCallback.doInIteration(StepContextRepeatCallback.java:82)\n	at org.springframework.batch.repeat.support.TaskExecutorRepeatTemplate$ExecutingRunnable.run(TaskExecutorRepeatTemplate.java:261)\n	at org.springframework.core.task.SimpleAsyncTaskExecutor$ConcurrencyThrottlingRunnable.run(SimpleAsyncTaskExecutor.java:285)\n	at java.base/java.lang.Thread.run(Thread.java:833)\n','2023-04-07 10:22:35.522755'),(6,2,'invoices',6,'2023-04-07 10:22:45.468167','2023-04-07 10:22:45.485923','2023-04-07 10:22:45.509960','FAILED',0,0,0,0,0,0,0,5,'FAILED','java.lang.IllegalArgumentException: Sort must not be null\n	at org.springframework.util.Assert.notNull(Assert.java:204)\n	at org.springframework.data.domain.PageRequest.<init>(PageRequest.java:47)\n	at org.springframework.data.domain.PageRequest.of(PageRequest.java:72)\n	at org.springframework.batch.item.data.RepositoryItemReader.doPageRead(RepositoryItemReader.java:214)\n	at org.springframework.batch.item.data.RepositoryItemReader.doRead(RepositoryItemReader.java:174)\n	at org.springframework.batch.item.support.AbstractItemCountingItemStreamItemReader.read(AbstractItemCountingItemStreamItemReader.java:95)\n	at org.springframework.batch.core.step.item.SimpleChunkProvider.doRead(SimpleChunkProvider.java:110)\n	at org.springframework.batch.core.step.item.SimpleChunkProvider.read(SimpleChunkProvider.java:189)\n	at org.springframework.batch.core.step.item.SimpleChunkProvider$1.doInIteration(SimpleChunkProvider.java:137)\n	at org.springframework.batch.repeat.support.RepeatTemplate.getNextResult(RepeatTemplate.java:362)\n	at org.springframework.batch.repeat.support.RepeatTemplate.executeInternal(RepeatTemplate.java:206)\n	at org.springframework.batch.repeat.support.RepeatTemplate.iterate(RepeatTemplate.java:139)\n	at org.springframework.batch.core.step.item.SimpleChunkProvider.provide(SimpleChunkProvider.java:129)\n	at org.springframework.batch.core.step.item.ChunkOrientedTasklet.execute(ChunkOrientedTasklet.java:69)\n	at org.springframework.batch.core.step.tasklet.TaskletStep$ChunkTransactionCallback.doInTransaction(TaskletStep.java:389)\n	at org.springframework.batch.core.step.tasklet.TaskletStep$ChunkTransactionCallback.doInTransaction(TaskletStep.java:313)\n	at org.springframework.transaction.support.TransactionTemplate.execute(TransactionTemplate.java:140)\n	at org.springframework.batch.core.step.tasklet.TaskletStep$2.doInChunkContext(TaskletStep.java:256)\n	at org.springframework.batch.core.scope.context.StepContextRepeatCallback.doInIteration(StepContextRepeatCallback.java:82)\n	at org.springframework.batch.repeat.support.TaskExecutorRepeatTemplate$ExecutingRunnable.run(TaskExecutorRepeatTemplate.java:261)\n	at org.springframework.core.task.SimpleAsyncTaskExecutor$ConcurrencyThrottlingRunnable.run(SimpleAsyncTaskExecutor.java:285)\n	at java.base/java.lang.Thread.run(Thread.java:833)\n','2023-04-07 10:22:45.510693'),(7,7,'invoices',7,'2023-04-07 10:22:59.992979','2023-04-07 10:23:00.008790','2023-04-07 10:23:00.112155','COMPLETED',5,0,0,0,0,0,0,0,'COMPLETED','','2023-04-07 10:23:00.113143'),(8,7,'invoices',8,'2023-04-07 10:23:50.312832','2023-04-07 10:23:50.326263','2023-04-07 10:23:50.447348','COMPLETED',5,0,0,0,0,0,0,0,'COMPLETED','','2023-04-07 10:23:50.448208'),(9,7,'invoices',9,'2023-04-07 10:24:00.268853','2023-04-07 10:24:00.286320','2023-04-07 10:24:00.342679','COMPLETED',5,0,0,0,0,0,0,0,'COMPLETED','','2023-04-07 10:24:00.343507'),(10,7,'invoices',10,'2023-04-07 10:25:45.391708','2023-04-07 10:25:45.409257','2023-04-07 10:25:45.543570','COMPLETED',5,0,0,0,0,0,0,0,'COMPLETED','','2023-04-07 10:25:45.544971'),(11,2,'invoices',11,'2023-04-07 10:25:55.429436','2023-04-07 10:25:55.443830','2023-04-07 10:25:55.507612','FAILED',0,0,0,0,0,0,0,5,'FAILED','org.springframework.dao.InvalidDataAccessResourceUsageException: JDBC exception executing SQL [select i1_0.id,i1_0.created_at,i1_0.currency,i1_0.customer_id,i1_0.name,i1_0.total_price,i1_0.updated_at from invoice i1_0 order by i1_0.id asc limit ?,?]; SQL [n/a]\n	at org.springframework.orm.jpa.vendor.HibernateJpaDialect.convertHibernateAccessException(HibernateJpaDialect.java:256)\n	at org.springframework.orm.jpa.vendor.HibernateJpaDialect.translateExceptionIfPossible(HibernateJpaDialect.java:232)\n	at org.springframework.orm.jpa.AbstractEntityManagerFactoryBean.translateExceptionIfPossible(AbstractEntityManagerFactoryBean.java:550)\n	at org.springframework.dao.support.ChainedPersistenceExceptionTranslator.translateExceptionIfPossible(ChainedPersistenceExceptionTranslator.java:61)\n	at org.springframework.dao.support.DataAccessUtils.translateIfNecessary(DataAccessUtils.java:242)\n	at org.springframework.dao.support.PersistenceExceptionTranslationInterceptor.invoke(PersistenceExceptionTranslationInterceptor.java:152)\n	at org.springframework.aop.framework.ReflectiveMethodInvocation.proceed(ReflectiveMethodInvocation.java:184)\n	at org.springframework.data.jpa.repository.support.CrudMethodMetadataPostProcessor$CrudMethodMetadataPopulatingMethodInterceptor.invoke(CrudMethodMetadataPostProcessor.java:163)\n	at org.springframework.aop.framework.ReflectiveMethodInvocation.proceed(ReflectiveMethodInvocation.java:184)\n	at org.springframework.aop.interceptor.ExposeInvocationInterceptor.invoke(ExposeInvocationInterceptor.java:97)\n	at org.springframework.aop.framework.ReflectiveMethodInvocation.proceed(ReflectiveMethodInvocation.java:184)\n	at org.springframework.aop.framework.JdkDynamicAopProxy.invoke(JdkDynamicAopProxy.java:218)\n	at jdk.proxy2/jdk.proxy2.$Proxy118.findAll(Unknown Source)\n	at java.base/jdk.internal.reflect.DirectMethodHandleAccessor.invoke(DirectMethodHandleAccessor.java:104)\n	at java.base/java.lang.reflect.Method.invoke(Method.java:577)\n	at org.springframework.util.MethodInvoker.invoke(MethodInvoker.java:283)\n	at org.springframework.batch.item.data.RepositoryItemReader.doInvoke(RepositoryItemReader.java:265)\n	at org.springframework.batch.item.data.RepositoryItemReader.doPageRead(RepositoryItemReader.java:228)\n	at org.springframework.batch.item.data.RepositoryItemReader.doRead(RepositoryItemReader.java:174)\n	at org.springframework.batch.item.support.AbstractItemCountingItemStreamItemReader.read(AbstractItemCountingItemStreamItemReader.java:95)\n	at org.springfr','2023-04-07 10:25:55.508570'),(12,7,'invoices',13,'2023-04-07 10:26:12.277633','2023-04-07 10:26:12.298200','2023-04-07 10:26:12.489210','COMPLETED',5,0,0,0,0,0,0,0,'COMPLETED','','2023-04-07 10:26:12.490185'),(13,7,'invoices',14,'2023-04-07 10:26:22.216594','2023-04-07 10:26:22.234079','2023-04-07 10:26:22.306560','COMPLETED',5,0,0,0,0,0,0,0,'COMPLETED','','2023-04-07 10:26:22.307588'),(14,7,'invoices',15,'2023-04-07 10:26:32.222526','2023-04-07 10:26:32.236713','2023-04-07 10:26:32.291726','COMPLETED',5,0,0,0,0,0,0,0,'COMPLETED','','2023-04-07 10:26:32.292724'),(15,7,'invoices',16,'2023-04-07 10:26:42.214182','2023-04-07 10:26:42.225747','2023-04-07 10:26:42.283335','COMPLETED',5,0,0,0,0,0,0,0,'COMPLETED','','2023-04-07 10:26:42.284174'),(16,7,'invoices',17,'2023-04-07 10:26:52.205721','2023-04-07 10:26:52.217809','2023-04-07 10:26:52.270272','COMPLETED',5,0,0,0,0,0,0,0,'COMPLETED','','2023-04-07 10:26:52.271163'),(17,7,'invoices',18,'2023-04-07 10:27:02.210961','2023-04-07 10:27:02.223016','2023-04-07 10:27:02.271781','COMPLETED',5,0,0,0,0,0,0,0,'COMPLETED','','2023-04-07 10:27:02.272845'),(18,7,'invoices',19,'2023-04-07 10:27:12.224116','2023-04-07 10:27:12.239109','2023-04-07 10:27:12.305243','COMPLETED',5,0,0,0,0,0,0,0,'COMPLETED','','2023-04-07 10:27:12.306090'),(19,7,'invoices',20,'2023-04-07 10:27:22.213088','2023-04-07 10:27:22.228896','2023-04-07 10:27:22.279517','COMPLETED',5,0,0,0,0,0,0,0,'COMPLETED','','2023-04-07 10:27:22.280302'),(20,7,'invoices',21,'2023-04-07 10:27:32.221958','2023-04-07 10:27:32.237270','2023-04-07 10:27:32.299156','COMPLETED',5,0,0,0,0,0,0,0,'COMPLETED','','2023-04-07 10:27:32.300534'),(21,3,'invoices',22,'2023-04-07 10:27:42.206464','2023-04-07 10:27:42.216372','2023-04-07 10:27:42.501783','FAILED',1,4,0,0,0,0,0,4,'FAILED','java.lang.NullPointerException: Cannot invoke \"java.net.URL.getFile()\" because the return value of \"java.lang.ClassLoader.getResource(String)\" is null\n	at com.batchapp.config.batch.steps.InvoiceWriter.write(InvoiceWriter.java:51)\n	at org.springframework.batch.core.step.item.SimpleChunkProcessor.writeItems(SimpleChunkProcessor.java:203)\n	at org.springframework.batch.core.step.item.SimpleChunkProcessor.doWrite(SimpleChunkProcessor.java:170)\n	at org.springframework.batch.core.step.item.SimpleChunkProcessor.write(SimpleChunkProcessor.java:297)\n	at org.springframework.batch.core.step.item.SimpleChunkProcessor.process(SimpleChunkProcessor.java:227)\n	at org.springframework.batch.core.step.item.ChunkOrientedTasklet.execute(ChunkOrientedTasklet.java:75)\n	at org.springframework.batch.core.step.tasklet.TaskletStep$ChunkTransactionCallback.doInTransaction(TaskletStep.java:389)\n	at org.springframework.batch.core.step.tasklet.TaskletStep$ChunkTransactionCallback.doInTransaction(TaskletStep.java:313)\n	at org.springframework.transaction.support.TransactionTemplate.execute(TransactionTemplate.java:140)\n	at org.springframework.batch.core.step.tasklet.TaskletStep$2.doInChunkContext(TaskletStep.java:256)\n	at org.springframework.batch.core.scope.context.StepContextRepeatCallback.doInIteration(StepContextRepeatCallback.java:82)\n	at org.springframework.batch.repeat.support.TaskExecutorRepeatTemplate$ExecutingRunnable.run(TaskExecutorRepeatTemplate.java:261)\n	at org.springframework.core.task.SimpleAsyncTaskExecutor$ConcurrencyThrottlingRunnable.run(SimpleAsyncTaskExecutor.java:285)\n	at java.base/java.lang.Thread.run(Thread.java:833)\n','2023-04-07 10:27:42.502630'),(22,4,'invoices',23,'2023-04-07 10:27:52.202987','2023-04-07 10:27:52.217345','2023-04-07 10:27:52.291381','FAILED',2,10,0,0,0,0,0,3,'FAILED','java.lang.NullPointerException: Cannot invoke \"java.net.URL.getFile()\" because the return value of \"java.lang.ClassLoader.getResource(String)\" is null\n	at com.batchapp.config.batch.steps.InvoiceWriter.write(InvoiceWriter.java:51)\n	at org.springframework.batch.core.step.item.SimpleChunkProcessor.writeItems(SimpleChunkProcessor.java:203)\n	at org.springframework.batch.core.step.item.SimpleChunkProcessor.doWrite(SimpleChunkProcessor.java:170)\n	at org.springframework.batch.core.step.item.SimpleChunkProcessor.write(SimpleChunkProcessor.java:297)\n	at org.springframework.batch.core.step.item.SimpleChunkProcessor.process(SimpleChunkProcessor.java:227)\n	at org.springframework.batch.core.step.item.ChunkOrientedTasklet.execute(ChunkOrientedTasklet.java:75)\n	at org.springframework.batch.core.step.tasklet.TaskletStep$ChunkTransactionCallback.doInTransaction(TaskletStep.java:389)\n	at org.springframework.batch.core.step.tasklet.TaskletStep$ChunkTransactionCallback.doInTransaction(TaskletStep.java:313)\n	at org.springframework.transaction.support.TransactionTemplate.execute(TransactionTemplate.java:140)\n	at org.springframework.batch.core.step.tasklet.TaskletStep$2.doInChunkContext(TaskletStep.java:256)\n	at org.springframework.batch.core.scope.context.StepContextRepeatCallback.doInIteration(StepContextRepeatCallback.java:82)\n	at org.springframework.batch.repeat.support.TaskExecutorRepeatTemplate$ExecutingRunnable.run(TaskExecutorRepeatTemplate.java:261)\n	at org.springframework.core.task.SimpleAsyncTaskExecutor$ConcurrencyThrottlingRunnable.run(SimpleAsyncTaskExecutor.java:285)\n	at java.base/java.lang.Thread.run(Thread.java:833)\n','2023-04-07 10:27:52.292256'),(23,3,'invoices',24,'2023-04-07 10:28:02.200697','2023-04-07 10:28:02.219144','2023-04-07 10:28:02.327705','FAILED',1,25,0,0,0,0,0,4,'FAILED','java.lang.NullPointerException: Cannot invoke \"java.net.URL.getFile()\" because the return value of \"java.lang.ClassLoader.getResource(String)\" is null\n	at com.batchapp.config.batch.steps.InvoiceWriter.write(InvoiceWriter.java:51)\n	at org.springframework.batch.core.step.item.SimpleChunkProcessor.writeItems(SimpleChunkProcessor.java:203)\n	at org.springframework.batch.core.step.item.SimpleChunkProcessor.doWrite(SimpleChunkProcessor.java:170)\n	at org.springframework.batch.core.step.item.SimpleChunkProcessor.write(SimpleChunkProcessor.java:297)\n	at org.springframework.batch.core.step.item.SimpleChunkProcessor.process(SimpleChunkProcessor.java:227)\n	at org.springframework.batch.core.step.item.ChunkOrientedTasklet.execute(ChunkOrientedTasklet.java:75)\n	at org.springframework.batch.core.step.tasklet.TaskletStep$ChunkTransactionCallback.doInTransaction(TaskletStep.java:389)\n	at org.springframework.batch.core.step.tasklet.TaskletStep$ChunkTransactionCallback.doInTransaction(TaskletStep.java:313)\n	at org.springframework.transaction.support.TransactionTemplate.execute(TransactionTemplate.java:140)\n	at org.springframework.batch.core.step.tasklet.TaskletStep$2.doInChunkContext(TaskletStep.java:256)\n	at org.springframework.batch.core.scope.context.StepContextRepeatCallback.doInIteration(StepContextRepeatCallback.java:82)\n	at org.springframework.batch.repeat.support.TaskExecutorRepeatTemplate$ExecutingRunnable.run(TaskExecutorRepeatTemplate.java:261)\n	at org.springframework.core.task.SimpleAsyncTaskExecutor$ConcurrencyThrottlingRunnable.run(SimpleAsyncTaskExecutor.java:285)\n	at java.base/java.lang.Thread.run(Thread.java:833)\n','2023-04-07 10:28:02.328653'),(24,3,'invoices',25,'2023-04-07 10:28:12.225377','2023-04-07 10:28:12.246229','2023-04-07 10:28:12.355524','FAILED',1,25,0,0,0,0,0,4,'FAILED','java.lang.NullPointerException: Cannot invoke \"java.net.URL.getFile()\" because the return value of \"java.lang.ClassLoader.getResource(String)\" is null\n	at com.batchapp.config.batch.steps.InvoiceWriter.write(InvoiceWriter.java:51)\n	at org.springframework.batch.core.step.item.SimpleChunkProcessor.writeItems(SimpleChunkProcessor.java:203)\n	at org.springframework.batch.core.step.item.SimpleChunkProcessor.doWrite(SimpleChunkProcessor.java:170)\n	at org.springframework.batch.core.step.item.SimpleChunkProcessor.write(SimpleChunkProcessor.java:297)\n	at org.springframework.batch.core.step.item.SimpleChunkProcessor.process(SimpleChunkProcessor.java:227)\n	at org.springframework.batch.core.step.item.ChunkOrientedTasklet.execute(ChunkOrientedTasklet.java:75)\n	at org.springframework.batch.core.step.tasklet.TaskletStep$ChunkTransactionCallback.doInTransaction(TaskletStep.java:389)\n	at org.springframework.batch.core.step.tasklet.TaskletStep$ChunkTransactionCallback.doInTransaction(TaskletStep.java:313)\n	at org.springframework.transaction.support.TransactionTemplate.execute(TransactionTemplate.java:140)\n	at org.springframework.batch.core.step.tasklet.TaskletStep$2.doInChunkContext(TaskletStep.java:256)\n	at org.springframework.batch.core.scope.context.StepContextRepeatCallback.doInIteration(StepContextRepeatCallback.java:82)\n	at org.springframework.batch.repeat.support.TaskExecutorRepeatTemplate$ExecutingRunnable.run(TaskExecutorRepeatTemplate.java:261)\n	at org.springframework.core.task.SimpleAsyncTaskExecutor$ConcurrencyThrottlingRunnable.run(SimpleAsyncTaskExecutor.java:285)\n	at java.base/java.lang.Thread.run(Thread.java:833)\n','2023-04-07 10:28:12.356753'),(25,3,'invoices',26,'2023-04-07 10:28:22.198404','2023-04-07 10:28:22.209258','2023-04-07 10:28:22.272787','FAILED',1,25,0,0,0,0,0,4,'FAILED','java.lang.NullPointerException: Cannot invoke \"java.net.URL.getFile()\" because the return value of \"java.lang.ClassLoader.getResource(String)\" is null\n	at com.batchapp.config.batch.steps.InvoiceWriter.write(InvoiceWriter.java:51)\n	at org.springframework.batch.core.step.item.SimpleChunkProcessor.writeItems(SimpleChunkProcessor.java:203)\n	at org.springframework.batch.core.step.item.SimpleChunkProcessor.doWrite(SimpleChunkProcessor.java:170)\n	at org.springframework.batch.core.step.item.SimpleChunkProcessor.write(SimpleChunkProcessor.java:297)\n	at org.springframework.batch.core.step.item.SimpleChunkProcessor.process(SimpleChunkProcessor.java:227)\n	at org.springframework.batch.core.step.item.ChunkOrientedTasklet.execute(ChunkOrientedTasklet.java:75)\n	at org.springframework.batch.core.step.tasklet.TaskletStep$ChunkTransactionCallback.doInTransaction(TaskletStep.java:389)\n	at org.springframework.batch.core.step.tasklet.TaskletStep$ChunkTransactionCallback.doInTransaction(TaskletStep.java:313)\n	at org.springframework.transaction.support.TransactionTemplate.execute(TransactionTemplate.java:140)\n	at org.springframework.batch.core.step.tasklet.TaskletStep$2.doInChunkContext(TaskletStep.java:256)\n	at org.springframework.batch.core.scope.context.StepContextRepeatCallback.doInIteration(StepContextRepeatCallback.java:82)\n	at org.springframework.batch.repeat.support.TaskExecutorRepeatTemplate$ExecutingRunnable.run(TaskExecutorRepeatTemplate.java:261)\n	at org.springframework.core.task.SimpleAsyncTaskExecutor$ConcurrencyThrottlingRunnable.run(SimpleAsyncTaskExecutor.java:285)\n	at java.base/java.lang.Thread.run(Thread.java:833)\n','2023-04-07 10:28:22.273443'),(26,4,'invoices',27,'2023-04-07 10:28:32.248574','2023-04-07 10:28:32.263295','2023-04-07 10:28:32.767226','FAILED',2,25,0,0,0,0,0,3,'FAILED','java.lang.NullPointerException: Cannot invoke \"java.net.URL.getFile()\" because the return value of \"java.lang.ClassLoader.getResource(String)\" is null\n	at com.batchapp.config.batch.steps.InvoiceWriter.write(InvoiceWriter.java:51)\n	at org.springframework.batch.core.step.item.SimpleChunkProcessor.writeItems(SimpleChunkProcessor.java:203)\n	at org.springframework.batch.core.step.item.SimpleChunkProcessor.doWrite(SimpleChunkProcessor.java:170)\n	at org.springframework.batch.core.step.item.SimpleChunkProcessor.write(SimpleChunkProcessor.java:297)\n	at org.springframework.batch.core.step.item.SimpleChunkProcessor.process(SimpleChunkProcessor.java:227)\n	at org.springframework.batch.core.step.item.ChunkOrientedTasklet.execute(ChunkOrientedTasklet.java:75)\n	at org.springframework.batch.core.step.tasklet.TaskletStep$ChunkTransactionCallback.doInTransaction(TaskletStep.java:389)\n	at org.springframework.batch.core.step.tasklet.TaskletStep$ChunkTransactionCallback.doInTransaction(TaskletStep.java:313)\n	at org.springframework.transaction.support.TransactionTemplate.execute(TransactionTemplate.java:140)\n	at org.springframework.batch.core.step.tasklet.TaskletStep$2.doInChunkContext(TaskletStep.java:256)\n	at org.springframework.batch.core.scope.context.StepContextRepeatCallback.doInIteration(StepContextRepeatCallback.java:82)\n	at org.springframework.batch.repeat.support.TaskExecutorRepeatTemplate$ExecutingRunnable.run(TaskExecutorRepeatTemplate.java:261)\n	at org.springframework.core.task.SimpleAsyncTaskExecutor$ConcurrencyThrottlingRunnable.run(SimpleAsyncTaskExecutor.java:285)\n	at java.base/java.lang.Thread.run(Thread.java:833)\n','2023-04-07 10:28:32.776917'),(27,3,'invoices',28,'2023-04-07 10:28:42.352495','2023-04-07 10:28:42.581317','2023-04-07 10:28:42.960513','FAILED',1,25,0,0,0,0,0,4,'FAILED','java.lang.NullPointerException: Cannot invoke \"java.net.URL.getFile()\" because the return value of \"java.lang.ClassLoader.getResource(String)\" is null\n	at com.batchapp.config.batch.steps.InvoiceWriter.write(InvoiceWriter.java:51)\n	at org.springframework.batch.core.step.item.SimpleChunkProcessor.writeItems(SimpleChunkProcessor.java:203)\n	at org.springframework.batch.core.step.item.SimpleChunkProcessor.doWrite(SimpleChunkProcessor.java:170)\n	at org.springframework.batch.core.step.item.SimpleChunkProcessor.write(SimpleChunkProcessor.java:297)\n	at org.springframework.batch.core.step.item.SimpleChunkProcessor.process(SimpleChunkProcessor.java:227)\n	at org.springframework.batch.core.step.item.ChunkOrientedTasklet.execute(ChunkOrientedTasklet.java:75)\n	at org.springframework.batch.core.step.tasklet.TaskletStep$ChunkTransactionCallback.doInTransaction(TaskletStep.java:389)\n	at org.springframework.batch.core.step.tasklet.TaskletStep$ChunkTransactionCallback.doInTransaction(TaskletStep.java:313)\n	at org.springframework.transaction.support.TransactionTemplate.execute(TransactionTemplate.java:140)\n	at org.springframework.batch.core.step.tasklet.TaskletStep$2.doInChunkContext(TaskletStep.java:256)\n	at org.springframework.batch.core.scope.context.StepContextRepeatCallback.doInIteration(StepContextRepeatCallback.java:82)\n	at org.springframework.batch.repeat.support.TaskExecutorRepeatTemplate$ExecutingRunnable.run(TaskExecutorRepeatTemplate.java:261)\n	at org.springframework.core.task.SimpleAsyncTaskExecutor$ConcurrencyThrottlingRunnable.run(SimpleAsyncTaskExecutor.java:285)\n	at java.base/java.lang.Thread.run(Thread.java:833)\n','2023-04-07 10:28:42.962181'),(28,3,'invoices',29,'2023-04-07 10:28:52.221534','2023-04-07 10:28:52.231496','2023-04-07 10:28:52.297998','FAILED',1,25,0,0,0,0,0,4,'FAILED','java.lang.NullPointerException: Cannot invoke \"java.net.URL.getFile()\" because the return value of \"java.lang.ClassLoader.getResource(String)\" is null\n	at com.batchapp.config.batch.steps.InvoiceWriter.write(InvoiceWriter.java:51)\n	at org.springframework.batch.core.step.item.SimpleChunkProcessor.writeItems(SimpleChunkProcessor.java:203)\n	at org.springframework.batch.core.step.item.SimpleChunkProcessor.doWrite(SimpleChunkProcessor.java:170)\n	at org.springframework.batch.core.step.item.SimpleChunkProcessor.write(SimpleChunkProcessor.java:297)\n	at org.springframework.batch.core.step.item.SimpleChunkProcessor.process(SimpleChunkProcessor.java:227)\n	at org.springframework.batch.core.step.item.ChunkOrientedTasklet.execute(ChunkOrientedTasklet.java:75)\n	at org.springframework.batch.core.step.tasklet.TaskletStep$ChunkTransactionCallback.doInTransaction(TaskletStep.java:389)\n	at org.springframework.batch.core.step.tasklet.TaskletStep$ChunkTransactionCallback.doInTransaction(TaskletStep.java:313)\n	at org.springframework.transaction.support.TransactionTemplate.execute(TransactionTemplate.java:140)\n	at org.springframework.batch.core.step.tasklet.TaskletStep$2.doInChunkContext(TaskletStep.java:256)\n	at org.springframework.batch.core.scope.context.StepContextRepeatCallback.doInIteration(StepContextRepeatCallback.java:82)\n	at org.springframework.batch.repeat.support.TaskExecutorRepeatTemplate$ExecutingRunnable.run(TaskExecutorRepeatTemplate.java:261)\n	at org.springframework.core.task.SimpleAsyncTaskExecutor$ConcurrencyThrottlingRunnable.run(SimpleAsyncTaskExecutor.java:285)\n	at java.base/java.lang.Thread.run(Thread.java:833)\n','2023-04-07 10:28:52.298998'),(29,5,'invoices',31,'2023-04-07 10:29:48.233549','2023-04-07 10:29:48.245450',NULL,'FAILED',4,25,0,25,0,0,0,0,'EXECUTING','','2023-04-07 10:31:12.349630'),(30,7,'invoices',32,'2023-04-07 10:31:26.601303','2023-04-07 10:31:26.618228','2023-04-07 10:31:27.030164','COMPLETED',5,25,0,25,0,0,0,0,'COMPLETED','','2023-04-07 10:31:27.031380'),(31,7,'invoices',33,'2023-04-07 10:31:36.574821','2023-04-07 10:31:36.611792','2023-04-07 10:31:36.763518','COMPLETED',5,25,0,25,0,0,0,0,'COMPLETED','','2023-04-07 10:31:36.765600'),(32,3,'invoices',34,'2023-04-07 10:35:46.443824','2023-04-07 10:35:46.455985','2023-04-07 10:35:46.747281','FAILED',1,25,0,0,0,0,0,4,'FAILED','java.io.FileNotFoundException: src/main/resources/invoices/invoices/invoices_2023-04-07.xlsx (No such file or directory)\n	at java.base/java.io.FileOutputStream.open0(Native Method)\n	at java.base/java.io.FileOutputStream.open(FileOutputStream.java:293)\n	at java.base/java.io.FileOutputStream.<init>(FileOutputStream.java:235)\n	at java.base/java.io.FileOutputStream.<init>(FileOutputStream.java:184)\n	at com.batchapp.config.batch.steps.InvoiceWriter.write(InvoiceWriter.java:53)\n	at org.springframework.batch.core.step.item.SimpleChunkProcessor.writeItems(SimpleChunkProcessor.java:203)\n	at org.springframework.batch.core.step.item.SimpleChunkProcessor.doWrite(SimpleChunkProcessor.java:170)\n	at org.springframework.batch.core.step.item.SimpleChunkProcessor.write(SimpleChunkProcessor.java:297)\n	at org.springframework.batch.core.step.item.SimpleChunkProcessor.process(SimpleChunkProcessor.java:227)\n	at org.springframework.batch.core.step.item.ChunkOrientedTasklet.execute(ChunkOrientedTasklet.java:75)\n	at org.springframework.batch.core.step.tasklet.TaskletStep$ChunkTransactionCallback.doInTransaction(TaskletStep.java:389)\n	at org.springframework.batch.core.step.tasklet.TaskletStep$ChunkTransactionCallback.doInTransaction(TaskletStep.java:313)\n	at org.springframework.transaction.support.TransactionTemplate.execute(TransactionTemplate.java:140)\n	at org.springframework.batch.core.step.tasklet.TaskletStep$2.doInChunkContext(TaskletStep.java:256)\n	at org.springframework.batch.core.scope.context.StepContextRepeatCallback.doInIteration(StepContextRepeatCallback.java:82)\n	at org.springframework.batch.repeat.support.TaskExecutorRepeatTemplate$ExecutingRunnable.run(TaskExecutorRepeatTemplate.java:261)\n	at org.springframework.core.task.SimpleAsyncTaskExecutor$ConcurrencyThrottlingRunnable.run(SimpleAsyncTaskExecutor.java:285)\n	at java.base/java.lang.Thread.run(Thread.java:833)\n','2023-04-07 10:35:46.748400'),(33,3,'invoices',35,'2023-04-07 10:35:56.360928','2023-04-07 10:35:56.375137','2023-04-07 10:35:56.441802','FAILED',1,25,0,0,0,0,0,4,'FAILED','java.io.FileNotFoundException: src/main/resources/invoices/invoices/invoices_2023-04-07.xlsx (No such file or directory)\n	at java.base/java.io.FileOutputStream.open0(Native Method)\n	at java.base/java.io.FileOutputStream.open(FileOutputStream.java:293)\n	at java.base/java.io.FileOutputStream.<init>(FileOutputStream.java:235)\n	at java.base/java.io.FileOutputStream.<init>(FileOutputStream.java:184)\n	at com.batchapp.config.batch.steps.InvoiceWriter.write(InvoiceWriter.java:53)\n	at org.springframework.batch.core.step.item.SimpleChunkProcessor.writeItems(SimpleChunkProcessor.java:203)\n	at org.springframework.batch.core.step.item.SimpleChunkProcessor.doWrite(SimpleChunkProcessor.java:170)\n	at org.springframework.batch.core.step.item.SimpleChunkProcessor.write(SimpleChunkProcessor.java:297)\n	at org.springframework.batch.core.step.item.SimpleChunkProcessor.process(SimpleChunkProcessor.java:227)\n	at org.springframework.batch.core.step.item.ChunkOrientedTasklet.execute(ChunkOrientedTasklet.java:75)\n	at org.springframework.batch.core.step.tasklet.TaskletStep$ChunkTransactionCallback.doInTransaction(TaskletStep.java:389)\n	at org.springframework.batch.core.step.tasklet.TaskletStep$ChunkTransactionCallback.doInTransaction(TaskletStep.java:313)\n	at org.springframework.transaction.support.TransactionTemplate.execute(TransactionTemplate.java:140)\n	at org.springframework.batch.core.step.tasklet.TaskletStep$2.doInChunkContext(TaskletStep.java:256)\n	at org.springframework.batch.core.scope.context.StepContextRepeatCallback.doInIteration(StepContextRepeatCallback.java:82)\n	at org.springframework.batch.repeat.support.TaskExecutorRepeatTemplate$ExecutingRunnable.run(TaskExecutorRepeatTemplate.java:261)\n	at org.springframework.core.task.SimpleAsyncTaskExecutor$ConcurrencyThrottlingRunnable.run(SimpleAsyncTaskExecutor.java:285)\n	at java.base/java.lang.Thread.run(Thread.java:833)\n','2023-04-07 10:35:56.442776'),(34,3,'invoices',36,'2023-04-07 10:36:06.421458','2023-04-07 10:36:06.436410','2023-04-07 10:36:06.538152','FAILED',1,25,0,0,0,0,0,4,'FAILED','java.io.FileNotFoundException: src/main/resources/invoices/invoices/invoices_2023-04-07.xlsx (No such file or directory)\n	at java.base/java.io.FileOutputStream.open0(Native Method)\n	at java.base/java.io.FileOutputStream.open(FileOutputStream.java:293)\n	at java.base/java.io.FileOutputStream.<init>(FileOutputStream.java:235)\n	at java.base/java.io.FileOutputStream.<init>(FileOutputStream.java:184)\n	at com.batchapp.config.batch.steps.InvoiceWriter.write(InvoiceWriter.java:53)\n	at org.springframework.batch.core.step.item.SimpleChunkProcessor.writeItems(SimpleChunkProcessor.java:203)\n	at org.springframework.batch.core.step.item.SimpleChunkProcessor.doWrite(SimpleChunkProcessor.java:170)\n	at org.springframework.batch.core.step.item.SimpleChunkProcessor.write(SimpleChunkProcessor.java:297)\n	at org.springframework.batch.core.step.item.SimpleChunkProcessor.process(SimpleChunkProcessor.java:227)\n	at org.springframework.batch.core.step.item.ChunkOrientedTasklet.execute(ChunkOrientedTasklet.java:75)\n	at org.springframework.batch.core.step.tasklet.TaskletStep$ChunkTransactionCallback.doInTransaction(TaskletStep.java:389)\n	at org.springframework.batch.core.step.tasklet.TaskletStep$ChunkTransactionCallback.doInTransaction(TaskletStep.java:313)\n	at org.springframework.transaction.support.TransactionTemplate.execute(TransactionTemplate.java:140)\n	at org.springframework.batch.core.step.tasklet.TaskletStep$2.doInChunkContext(TaskletStep.java:256)\n	at org.springframework.batch.core.scope.context.StepContextRepeatCallback.doInIteration(StepContextRepeatCallback.java:82)\n	at org.springframework.batch.repeat.support.TaskExecutorRepeatTemplate$ExecutingRunnable.run(TaskExecutorRepeatTemplate.java:261)\n	at org.springframework.core.task.SimpleAsyncTaskExecutor$ConcurrencyThrottlingRunnable.run(SimpleAsyncTaskExecutor.java:285)\n	at java.base/java.lang.Thread.run(Thread.java:833)\n','2023-04-07 10:36:06.538895'),(35,3,'invoices',37,'2023-04-07 10:36:16.468953','2023-04-07 10:36:16.481811','2023-04-07 10:36:16.563192','FAILED',1,25,0,0,0,0,0,4,'FAILED','java.io.FileNotFoundException: src/main/resources/invoices/invoices/invoices_2023-04-07.xlsx (No such file or directory)\n	at java.base/java.io.FileOutputStream.open0(Native Method)\n	at java.base/java.io.FileOutputStream.open(FileOutputStream.java:293)\n	at java.base/java.io.FileOutputStream.<init>(FileOutputStream.java:235)\n	at java.base/java.io.FileOutputStream.<init>(FileOutputStream.java:184)\n	at com.batchapp.config.batch.steps.InvoiceWriter.write(InvoiceWriter.java:53)\n	at org.springframework.batch.core.step.item.SimpleChunkProcessor.writeItems(SimpleChunkProcessor.java:203)\n	at org.springframework.batch.core.step.item.SimpleChunkProcessor.doWrite(SimpleChunkProcessor.java:170)\n	at org.springframework.batch.core.step.item.SimpleChunkProcessor.write(SimpleChunkProcessor.java:297)\n	at org.springframework.batch.core.step.item.SimpleChunkProcessor.process(SimpleChunkProcessor.java:227)\n	at org.springframework.batch.core.step.item.ChunkOrientedTasklet.execute(ChunkOrientedTasklet.java:75)\n	at org.springframework.batch.core.step.tasklet.TaskletStep$ChunkTransactionCallback.doInTransaction(TaskletStep.java:389)\n	at org.springframework.batch.core.step.tasklet.TaskletStep$ChunkTransactionCallback.doInTransaction(TaskletStep.java:313)\n	at org.springframework.transaction.support.TransactionTemplate.execute(TransactionTemplate.java:140)\n	at org.springframework.batch.core.step.tasklet.TaskletStep$2.doInChunkContext(TaskletStep.java:256)\n	at org.springframework.batch.core.scope.context.StepContextRepeatCallback.doInIteration(StepContextRepeatCallback.java:82)\n	at org.springframework.batch.repeat.support.TaskExecutorRepeatTemplate$ExecutingRunnable.run(TaskExecutorRepeatTemplate.java:261)\n	at org.springframework.core.task.SimpleAsyncTaskExecutor$ConcurrencyThrottlingRunnable.run(SimpleAsyncTaskExecutor.java:285)\n	at java.base/java.lang.Thread.run(Thread.java:833)\n','2023-04-07 10:36:16.563933'),(36,3,'invoices',38,'2023-04-07 10:36:26.407043','2023-04-07 10:36:26.418280','2023-04-07 10:36:26.488714','FAILED',1,25,0,0,0,0,0,4,'FAILED','java.io.FileNotFoundException: src/main/resources/invoices/invoices/invoices_2023-04-07.xlsx (No such file or directory)\n	at java.base/java.io.FileOutputStream.open0(Native Method)\n	at java.base/java.io.FileOutputStream.open(FileOutputStream.java:293)\n	at java.base/java.io.FileOutputStream.<init>(FileOutputStream.java:235)\n	at java.base/java.io.FileOutputStream.<init>(FileOutputStream.java:184)\n	at com.batchapp.config.batch.steps.InvoiceWriter.write(InvoiceWriter.java:53)\n	at org.springframework.batch.core.step.item.SimpleChunkProcessor.writeItems(SimpleChunkProcessor.java:203)\n	at org.springframework.batch.core.step.item.SimpleChunkProcessor.doWrite(SimpleChunkProcessor.java:170)\n	at org.springframework.batch.core.step.item.SimpleChunkProcessor.write(SimpleChunkProcessor.java:297)\n	at org.springframework.batch.core.step.item.SimpleChunkProcessor.process(SimpleChunkProcessor.java:227)\n	at org.springframework.batch.core.step.item.ChunkOrientedTasklet.execute(ChunkOrientedTasklet.java:75)\n	at org.springframework.batch.core.step.tasklet.TaskletStep$ChunkTransactionCallback.doInTransaction(TaskletStep.java:389)\n	at org.springframework.batch.core.step.tasklet.TaskletStep$ChunkTransactionCallback.doInTransaction(TaskletStep.java:313)\n	at org.springframework.transaction.support.TransactionTemplate.execute(TransactionTemplate.java:140)\n	at org.springframework.batch.core.step.tasklet.TaskletStep$2.doInChunkContext(TaskletStep.java:256)\n	at org.springframework.batch.core.scope.context.StepContextRepeatCallback.doInIteration(StepContextRepeatCallback.java:82)\n	at org.springframework.batch.repeat.support.TaskExecutorRepeatTemplate$ExecutingRunnable.run(TaskExecutorRepeatTemplate.java:261)\n	at org.springframework.core.task.SimpleAsyncTaskExecutor$ConcurrencyThrottlingRunnable.run(SimpleAsyncTaskExecutor.java:285)\n	at java.base/java.lang.Thread.run(Thread.java:833)\n','2023-04-07 10:36:26.489507'),(37,3,'invoices',39,'2023-04-07 10:36:36.404263','2023-04-07 10:36:36.415239','2023-04-07 10:36:36.472432','FAILED',1,25,0,0,0,0,0,4,'FAILED','java.io.FileNotFoundException: src/main/resources/invoices/invoices/invoices_2023-04-07.xlsx (No such file or directory)\n	at java.base/java.io.FileOutputStream.open0(Native Method)\n	at java.base/java.io.FileOutputStream.open(FileOutputStream.java:293)\n	at java.base/java.io.FileOutputStream.<init>(FileOutputStream.java:235)\n	at java.base/java.io.FileOutputStream.<init>(FileOutputStream.java:184)\n	at com.batchapp.config.batch.steps.InvoiceWriter.write(InvoiceWriter.java:53)\n	at org.springframework.batch.core.step.item.SimpleChunkProcessor.writeItems(SimpleChunkProcessor.java:203)\n	at org.springframework.batch.core.step.item.SimpleChunkProcessor.doWrite(SimpleChunkProcessor.java:170)\n	at org.springframework.batch.core.step.item.SimpleChunkProcessor.write(SimpleChunkProcessor.java:297)\n	at org.springframework.batch.core.step.item.SimpleChunkProcessor.process(SimpleChunkProcessor.java:227)\n	at org.springframework.batch.core.step.item.ChunkOrientedTasklet.execute(ChunkOrientedTasklet.java:75)\n	at org.springframework.batch.core.step.tasklet.TaskletStep$ChunkTransactionCallback.doInTransaction(TaskletStep.java:389)\n	at org.springframework.batch.core.step.tasklet.TaskletStep$ChunkTransactionCallback.doInTransaction(TaskletStep.java:313)\n	at org.springframework.transaction.support.TransactionTemplate.execute(TransactionTemplate.java:140)\n	at org.springframework.batch.core.step.tasklet.TaskletStep$2.doInChunkContext(TaskletStep.java:256)\n	at org.springframework.batch.core.scope.context.StepContextRepeatCallback.doInIteration(StepContextRepeatCallback.java:82)\n	at org.springframework.batch.repeat.support.TaskExecutorRepeatTemplate$ExecutingRunnable.run(TaskExecutorRepeatTemplate.java:261)\n	at org.springframework.core.task.SimpleAsyncTaskExecutor$ConcurrencyThrottlingRunnable.run(SimpleAsyncTaskExecutor.java:285)\n	at java.base/java.lang.Thread.run(Thread.java:833)\n','2023-04-07 10:36:36.473225'),(38,3,'invoices',40,'2023-04-07 10:36:46.405374','2023-04-07 10:36:46.419280','2023-04-07 10:36:46.483294','FAILED',1,25,0,0,0,0,0,4,'FAILED','java.io.FileNotFoundException: src/main/resources/invoices/invoices/invoices_2023-04-07.xlsx (No such file or directory)\n	at java.base/java.io.FileOutputStream.open0(Native Method)\n	at java.base/java.io.FileOutputStream.open(FileOutputStream.java:293)\n	at java.base/java.io.FileOutputStream.<init>(FileOutputStream.java:235)\n	at java.base/java.io.FileOutputStream.<init>(FileOutputStream.java:184)\n	at com.batchapp.config.batch.steps.InvoiceWriter.write(InvoiceWriter.java:53)\n	at org.springframework.batch.core.step.item.SimpleChunkProcessor.writeItems(SimpleChunkProcessor.java:203)\n	at org.springframework.batch.core.step.item.SimpleChunkProcessor.doWrite(SimpleChunkProcessor.java:170)\n	at org.springframework.batch.core.step.item.SimpleChunkProcessor.write(SimpleChunkProcessor.java:297)\n	at org.springframework.batch.core.step.item.SimpleChunkProcessor.process(SimpleChunkProcessor.java:227)\n	at org.springframework.batch.core.step.item.ChunkOrientedTasklet.execute(ChunkOrientedTasklet.java:75)\n	at org.springframework.batch.core.step.tasklet.TaskletStep$ChunkTransactionCallback.doInTransaction(TaskletStep.java:389)\n	at org.springframework.batch.core.step.tasklet.TaskletStep$ChunkTransactionCallback.doInTransaction(TaskletStep.java:313)\n	at org.springframework.transaction.support.TransactionTemplate.execute(TransactionTemplate.java:140)\n	at org.springframework.batch.core.step.tasklet.TaskletStep$2.doInChunkContext(TaskletStep.java:256)\n	at org.springframework.batch.core.scope.context.StepContextRepeatCallback.doInIteration(StepContextRepeatCallback.java:82)\n	at org.springframework.batch.repeat.support.TaskExecutorRepeatTemplate$ExecutingRunnable.run(TaskExecutorRepeatTemplate.java:261)\n	at org.springframework.core.task.SimpleAsyncTaskExecutor$ConcurrencyThrottlingRunnable.run(SimpleAsyncTaskExecutor.java:285)\n	at java.base/java.lang.Thread.run(Thread.java:833)\n','2023-04-07 10:36:46.484276'),(39,3,'invoices',41,'2023-04-07 10:36:56.413627','2023-04-07 10:36:56.425760','2023-04-07 10:36:56.488858','FAILED',1,25,0,0,0,0,0,4,'FAILED','java.io.FileNotFoundException: src/main/resources/invoices/invoices/invoices_2023-04-07.xlsx (No such file or directory)\n	at java.base/java.io.FileOutputStream.open0(Native Method)\n	at java.base/java.io.FileOutputStream.open(FileOutputStream.java:293)\n	at java.base/java.io.FileOutputStream.<init>(FileOutputStream.java:235)\n	at java.base/java.io.FileOutputStream.<init>(FileOutputStream.java:184)\n	at com.batchapp.config.batch.steps.InvoiceWriter.write(InvoiceWriter.java:53)\n	at org.springframework.batch.core.step.item.SimpleChunkProcessor.writeItems(SimpleChunkProcessor.java:203)\n	at org.springframework.batch.core.step.item.SimpleChunkProcessor.doWrite(SimpleChunkProcessor.java:170)\n	at org.springframework.batch.core.step.item.SimpleChunkProcessor.write(SimpleChunkProcessor.java:297)\n	at org.springframework.batch.core.step.item.SimpleChunkProcessor.process(SimpleChunkProcessor.java:227)\n	at org.springframework.batch.core.step.item.ChunkOrientedTasklet.execute(ChunkOrientedTasklet.java:75)\n	at org.springframework.batch.core.step.tasklet.TaskletStep$ChunkTransactionCallback.doInTransaction(TaskletStep.java:389)\n	at org.springframework.batch.core.step.tasklet.TaskletStep$ChunkTransactionCallback.doInTransaction(TaskletStep.java:313)\n	at org.springframework.transaction.support.TransactionTemplate.execute(TransactionTemplate.java:140)\n	at org.springframework.batch.core.step.tasklet.TaskletStep$2.doInChunkContext(TaskletStep.java:256)\n	at org.springframework.batch.core.scope.context.StepContextRepeatCallback.doInIteration(StepContextRepeatCallback.java:82)\n	at org.springframework.batch.repeat.support.TaskExecutorRepeatTemplate$ExecutingRunnable.run(TaskExecutorRepeatTemplate.java:261)\n	at org.springframework.core.task.SimpleAsyncTaskExecutor$ConcurrencyThrottlingRunnable.run(SimpleAsyncTaskExecutor.java:285)\n	at java.base/java.lang.Thread.run(Thread.java:833)\n','2023-04-07 10:36:56.489550'),(40,3,'invoices',42,'2023-04-07 10:37:06.419064','2023-04-07 10:37:06.431835','2023-04-07 10:37:06.503173','FAILED',1,25,0,0,0,0,0,4,'FAILED','java.io.FileNotFoundException: src/main/resources/invoices/invoices/invoices_2023-04-07.xlsx (No such file or directory)\n	at java.base/java.io.FileOutputStream.open0(Native Method)\n	at java.base/java.io.FileOutputStream.open(FileOutputStream.java:293)\n	at java.base/java.io.FileOutputStream.<init>(FileOutputStream.java:235)\n	at java.base/java.io.FileOutputStream.<init>(FileOutputStream.java:184)\n	at com.batchapp.config.batch.steps.InvoiceWriter.write(InvoiceWriter.java:53)\n	at org.springframework.batch.core.step.item.SimpleChunkProcessor.writeItems(SimpleChunkProcessor.java:203)\n	at org.springframework.batch.core.step.item.SimpleChunkProcessor.doWrite(SimpleChunkProcessor.java:170)\n	at org.springframework.batch.core.step.item.SimpleChunkProcessor.write(SimpleChunkProcessor.java:297)\n	at org.springframework.batch.core.step.item.SimpleChunkProcessor.process(SimpleChunkProcessor.java:227)\n	at org.springframework.batch.core.step.item.ChunkOrientedTasklet.execute(ChunkOrientedTasklet.java:75)\n	at org.springframework.batch.core.step.tasklet.TaskletStep$ChunkTransactionCallback.doInTransaction(TaskletStep.java:389)\n	at org.springframework.batch.core.step.tasklet.TaskletStep$ChunkTransactionCallback.doInTransaction(TaskletStep.java:313)\n	at org.springframework.transaction.support.TransactionTemplate.execute(TransactionTemplate.java:140)\n	at org.springframework.batch.core.step.tasklet.TaskletStep$2.doInChunkContext(TaskletStep.java:256)\n	at org.springframework.batch.core.scope.context.StepContextRepeatCallback.doInIteration(StepContextRepeatCallback.java:82)\n	at org.springframework.batch.repeat.support.TaskExecutorRepeatTemplate$ExecutingRunnable.run(TaskExecutorRepeatTemplate.java:261)\n	at org.springframework.core.task.SimpleAsyncTaskExecutor$ConcurrencyThrottlingRunnable.run(SimpleAsyncTaskExecutor.java:285)\n	at java.base/java.lang.Thread.run(Thread.java:833)\n','2023-04-07 10:37:06.504076'),(41,3,'invoices',43,'2023-04-07 10:37:16.436829','2023-04-07 10:37:16.448793','2023-04-07 10:37:16.536687','FAILED',1,25,0,0,0,0,0,4,'FAILED','java.io.FileNotFoundException: src/main/resources/invoices/invoices/invoices_2023-04-07.xlsx (No such file or directory)\n	at java.base/java.io.FileOutputStream.open0(Native Method)\n	at java.base/java.io.FileOutputStream.open(FileOutputStream.java:293)\n	at java.base/java.io.FileOutputStream.<init>(FileOutputStream.java:235)\n	at java.base/java.io.FileOutputStream.<init>(FileOutputStream.java:184)\n	at com.batchapp.config.batch.steps.InvoiceWriter.write(InvoiceWriter.java:53)\n	at org.springframework.batch.core.step.item.SimpleChunkProcessor.writeItems(SimpleChunkProcessor.java:203)\n	at org.springframework.batch.core.step.item.SimpleChunkProcessor.doWrite(SimpleChunkProcessor.java:170)\n	at org.springframework.batch.core.step.item.SimpleChunkProcessor.write(SimpleChunkProcessor.java:297)\n	at org.springframework.batch.core.step.item.SimpleChunkProcessor.process(SimpleChunkProcessor.java:227)\n	at org.springframework.batch.core.step.item.ChunkOrientedTasklet.execute(ChunkOrientedTasklet.java:75)\n	at org.springframework.batch.core.step.tasklet.TaskletStep$ChunkTransactionCallback.doInTransaction(TaskletStep.java:389)\n	at org.springframework.batch.core.step.tasklet.TaskletStep$ChunkTransactionCallback.doInTransaction(TaskletStep.java:313)\n	at org.springframework.transaction.support.TransactionTemplate.execute(TransactionTemplate.java:140)\n	at org.springframework.batch.core.step.tasklet.TaskletStep$2.doInChunkContext(TaskletStep.java:256)\n	at org.springframework.batch.core.scope.context.StepContextRepeatCallback.doInIteration(StepContextRepeatCallback.java:82)\n	at org.springframework.batch.repeat.support.TaskExecutorRepeatTemplate$ExecutingRunnable.run(TaskExecutorRepeatTemplate.java:261)\n	at org.springframework.core.task.SimpleAsyncTaskExecutor$ConcurrencyThrottlingRunnable.run(SimpleAsyncTaskExecutor.java:285)\n	at java.base/java.lang.Thread.run(Thread.java:833)\n','2023-04-07 10:37:16.537929'),(42,3,'invoices',44,'2023-04-07 10:37:26.402755','2023-04-07 10:37:26.413306','2023-04-07 10:37:26.473002','FAILED',1,25,0,0,0,0,0,4,'FAILED','java.io.FileNotFoundException: src/main/resources/invoices/invoices/invoices_2023-04-07.xlsx (No such file or directory)\n	at java.base/java.io.FileOutputStream.open0(Native Method)\n	at java.base/java.io.FileOutputStream.open(FileOutputStream.java:293)\n	at java.base/java.io.FileOutputStream.<init>(FileOutputStream.java:235)\n	at java.base/java.io.FileOutputStream.<init>(FileOutputStream.java:184)\n	at com.batchapp.config.batch.steps.InvoiceWriter.write(InvoiceWriter.java:53)\n	at org.springframework.batch.core.step.item.SimpleChunkProcessor.writeItems(SimpleChunkProcessor.java:203)\n	at org.springframework.batch.core.step.item.SimpleChunkProcessor.doWrite(SimpleChunkProcessor.java:170)\n	at org.springframework.batch.core.step.item.SimpleChunkProcessor.write(SimpleChunkProcessor.java:297)\n	at org.springframework.batch.core.step.item.SimpleChunkProcessor.process(SimpleChunkProcessor.java:227)\n	at org.springframework.batch.core.step.item.ChunkOrientedTasklet.execute(ChunkOrientedTasklet.java:75)\n	at org.springframework.batch.core.step.tasklet.TaskletStep$ChunkTransactionCallback.doInTransaction(TaskletStep.java:389)\n	at org.springframework.batch.core.step.tasklet.TaskletStep$ChunkTransactionCallback.doInTransaction(TaskletStep.java:313)\n	at org.springframework.transaction.support.TransactionTemplate.execute(TransactionTemplate.java:140)\n	at org.springframework.batch.core.step.tasklet.TaskletStep$2.doInChunkContext(TaskletStep.java:256)\n	at org.springframework.batch.core.scope.context.StepContextRepeatCallback.doInIteration(StepContextRepeatCallback.java:82)\n	at org.springframework.batch.repeat.support.TaskExecutorRepeatTemplate$ExecutingRunnable.run(TaskExecutorRepeatTemplate.java:261)\n	at org.springframework.core.task.SimpleAsyncTaskExecutor$ConcurrencyThrottlingRunnable.run(SimpleAsyncTaskExecutor.java:285)\n	at java.base/java.lang.Thread.run(Thread.java:833)\n','2023-04-07 10:37:26.473833'),(43,3,'invoices',45,'2023-04-07 10:37:36.403071','2023-04-07 10:37:36.413761','2023-04-07 10:37:36.488156','FAILED',1,25,0,0,0,0,0,4,'FAILED','java.io.FileNotFoundException: src/main/resources/invoices/invoices/invoices_2023-04-07.xlsx (No such file or directory)\n	at java.base/java.io.FileOutputStream.open0(Native Method)\n	at java.base/java.io.FileOutputStream.open(FileOutputStream.java:293)\n	at java.base/java.io.FileOutputStream.<init>(FileOutputStream.java:235)\n	at java.base/java.io.FileOutputStream.<init>(FileOutputStream.java:184)\n	at com.batchapp.config.batch.steps.InvoiceWriter.write(InvoiceWriter.java:53)\n	at org.springframework.batch.core.step.item.SimpleChunkProcessor.writeItems(SimpleChunkProcessor.java:203)\n	at org.springframework.batch.core.step.item.SimpleChunkProcessor.doWrite(SimpleChunkProcessor.java:170)\n	at org.springframework.batch.core.step.item.SimpleChunkProcessor.write(SimpleChunkProcessor.java:297)\n	at org.springframework.batch.core.step.item.SimpleChunkProcessor.process(SimpleChunkProcessor.java:227)\n	at org.springframework.batch.core.step.item.ChunkOrientedTasklet.execute(ChunkOrientedTasklet.java:75)\n	at org.springframework.batch.core.step.tasklet.TaskletStep$ChunkTransactionCallback.doInTransaction(TaskletStep.java:389)\n	at org.springframework.batch.core.step.tasklet.TaskletStep$ChunkTransactionCallback.doInTransaction(TaskletStep.java:313)\n	at org.springframework.transaction.support.TransactionTemplate.execute(TransactionTemplate.java:140)\n	at org.springframework.batch.core.step.tasklet.TaskletStep$2.doInChunkContext(TaskletStep.java:256)\n	at org.springframework.batch.core.scope.context.StepContextRepeatCallback.doInIteration(StepContextRepeatCallback.java:82)\n	at org.springframework.batch.repeat.support.TaskExecutorRepeatTemplate$ExecutingRunnable.run(TaskExecutorRepeatTemplate.java:261)\n	at org.springframework.core.task.SimpleAsyncTaskExecutor$ConcurrencyThrottlingRunnable.run(SimpleAsyncTaskExecutor.java:285)\n	at java.base/java.lang.Thread.run(Thread.java:833)\n','2023-04-07 10:37:36.489534'),(44,3,'invoices',46,'2023-04-07 10:37:46.392400','2023-04-07 10:37:46.405517','2023-04-07 10:37:46.532871','FAILED',1,25,0,0,0,0,0,4,'FAILED','java.io.FileNotFoundException: src/main/resources/invoices/invoices/invoices_2023-04-07.xlsx (No such file or directory)\n	at java.base/java.io.FileOutputStream.open0(Native Method)\n	at java.base/java.io.FileOutputStream.open(FileOutputStream.java:293)\n	at java.base/java.io.FileOutputStream.<init>(FileOutputStream.java:235)\n	at java.base/java.io.FileOutputStream.<init>(FileOutputStream.java:184)\n	at com.batchapp.config.batch.steps.InvoiceWriter.write(InvoiceWriter.java:53)\n	at org.springframework.batch.core.step.item.SimpleChunkProcessor.writeItems(SimpleChunkProcessor.java:203)\n	at org.springframework.batch.core.step.item.SimpleChunkProcessor.doWrite(SimpleChunkProcessor.java:170)\n	at org.springframework.batch.core.step.item.SimpleChunkProcessor.write(SimpleChunkProcessor.java:297)\n	at org.springframework.batch.core.step.item.SimpleChunkProcessor.process(SimpleChunkProcessor.java:227)\n	at org.springframework.batch.core.step.item.ChunkOrientedTasklet.execute(ChunkOrientedTasklet.java:75)\n	at org.springframework.batch.core.step.tasklet.TaskletStep$ChunkTransactionCallback.doInTransaction(TaskletStep.java:389)\n	at org.springframework.batch.core.step.tasklet.TaskletStep$ChunkTransactionCallback.doInTransaction(TaskletStep.java:313)\n	at org.springframework.transaction.support.TransactionTemplate.execute(TransactionTemplate.java:140)\n	at org.springframework.batch.core.step.tasklet.TaskletStep$2.doInChunkContext(TaskletStep.java:256)\n	at org.springframework.batch.core.scope.context.StepContextRepeatCallback.doInIteration(StepContextRepeatCallback.java:82)\n	at org.springframework.batch.repeat.support.TaskExecutorRepeatTemplate$ExecutingRunnable.run(TaskExecutorRepeatTemplate.java:261)\n	at org.springframework.core.task.SimpleAsyncTaskExecutor$ConcurrencyThrottlingRunnable.run(SimpleAsyncTaskExecutor.java:285)\n	at java.base/java.lang.Thread.run(Thread.java:833)\n','2023-04-07 10:37:46.533772'),(45,3,'invoices',47,'2023-04-07 10:37:56.405323','2023-04-07 10:37:56.424547','2023-04-07 10:37:56.504582','FAILED',1,25,0,0,0,0,0,4,'FAILED','java.io.FileNotFoundException: src/main/resources/invoices/invoices/invoices_2023-04-07.xlsx (No such file or directory)\n	at java.base/java.io.FileOutputStream.open0(Native Method)\n	at java.base/java.io.FileOutputStream.open(FileOutputStream.java:293)\n	at java.base/java.io.FileOutputStream.<init>(FileOutputStream.java:235)\n	at java.base/java.io.FileOutputStream.<init>(FileOutputStream.java:184)\n	at com.batchapp.config.batch.steps.InvoiceWriter.write(InvoiceWriter.java:53)\n	at org.springframework.batch.core.step.item.SimpleChunkProcessor.writeItems(SimpleChunkProcessor.java:203)\n	at org.springframework.batch.core.step.item.SimpleChunkProcessor.doWrite(SimpleChunkProcessor.java:170)\n	at org.springframework.batch.core.step.item.SimpleChunkProcessor.write(SimpleChunkProcessor.java:297)\n	at org.springframework.batch.core.step.item.SimpleChunkProcessor.process(SimpleChunkProcessor.java:227)\n	at org.springframework.batch.core.step.item.ChunkOrientedTasklet.execute(ChunkOrientedTasklet.java:75)\n	at org.springframework.batch.core.step.tasklet.TaskletStep$ChunkTransactionCallback.doInTransaction(TaskletStep.java:389)\n	at org.springframework.batch.core.step.tasklet.TaskletStep$ChunkTransactionCallback.doInTransaction(TaskletStep.java:313)\n	at org.springframework.transaction.support.TransactionTemplate.execute(TransactionTemplate.java:140)\n	at org.springframework.batch.core.step.tasklet.TaskletStep$2.doInChunkContext(TaskletStep.java:256)\n	at org.springframework.batch.core.scope.context.StepContextRepeatCallback.doInIteration(StepContextRepeatCallback.java:82)\n	at org.springframework.batch.repeat.support.TaskExecutorRepeatTemplate$ExecutingRunnable.run(TaskExecutorRepeatTemplate.java:261)\n	at org.springframework.core.task.SimpleAsyncTaskExecutor$ConcurrencyThrottlingRunnable.run(SimpleAsyncTaskExecutor.java:285)\n	at java.base/java.lang.Thread.run(Thread.java:833)\n','2023-04-07 10:37:56.505898'),(46,3,'invoices',48,'2023-04-07 10:38:06.402588','2023-04-07 10:38:06.431268','2023-04-07 10:38:06.521143','FAILED',1,25,0,0,0,0,0,4,'FAILED','java.io.FileNotFoundException: src/main/resources/invoices/invoices/invoices_2023-04-07.xlsx (No such file or directory)\n	at java.base/java.io.FileOutputStream.open0(Native Method)\n	at java.base/java.io.FileOutputStream.open(FileOutputStream.java:293)\n	at java.base/java.io.FileOutputStream.<init>(FileOutputStream.java:235)\n	at java.base/java.io.FileOutputStream.<init>(FileOutputStream.java:184)\n	at com.batchapp.config.batch.steps.InvoiceWriter.write(InvoiceWriter.java:53)\n	at org.springframework.batch.core.step.item.SimpleChunkProcessor.writeItems(SimpleChunkProcessor.java:203)\n	at org.springframework.batch.core.step.item.SimpleChunkProcessor.doWrite(SimpleChunkProcessor.java:170)\n	at org.springframework.batch.core.step.item.SimpleChunkProcessor.write(SimpleChunkProcessor.java:297)\n	at org.springframework.batch.core.step.item.SimpleChunkProcessor.process(SimpleChunkProcessor.java:227)\n	at org.springframework.batch.core.step.item.ChunkOrientedTasklet.execute(ChunkOrientedTasklet.java:75)\n	at org.springframework.batch.core.step.tasklet.TaskletStep$ChunkTransactionCallback.doInTransaction(TaskletStep.java:389)\n	at org.springframework.batch.core.step.tasklet.TaskletStep$ChunkTransactionCallback.doInTransaction(TaskletStep.java:313)\n	at org.springframework.transaction.support.TransactionTemplate.execute(TransactionTemplate.java:140)\n	at org.springframework.batch.core.step.tasklet.TaskletStep$2.doInChunkContext(TaskletStep.java:256)\n	at org.springframework.batch.core.scope.context.StepContextRepeatCallback.doInIteration(StepContextRepeatCallback.java:82)\n	at org.springframework.batch.repeat.support.TaskExecutorRepeatTemplate$ExecutingRunnable.run(TaskExecutorRepeatTemplate.java:261)\n	at org.springframework.core.task.SimpleAsyncTaskExecutor$ConcurrencyThrottlingRunnable.run(SimpleAsyncTaskExecutor.java:285)\n	at java.base/java.lang.Thread.run(Thread.java:833)\n','2023-04-07 10:38:06.522450'),(47,3,'invoices',49,'2023-04-07 10:38:16.397254','2023-04-07 10:38:16.408041','2023-04-07 10:38:16.468740','FAILED',1,25,0,0,0,0,0,4,'FAILED','java.io.FileNotFoundException: src/main/resources/invoices/invoices/invoices_2023-04-07.xlsx (No such file or directory)\n	at java.base/java.io.FileOutputStream.open0(Native Method)\n	at java.base/java.io.FileOutputStream.open(FileOutputStream.java:293)\n	at java.base/java.io.FileOutputStream.<init>(FileOutputStream.java:235)\n	at java.base/java.io.FileOutputStream.<init>(FileOutputStream.java:184)\n	at com.batchapp.config.batch.steps.InvoiceWriter.write(InvoiceWriter.java:53)\n	at org.springframework.batch.core.step.item.SimpleChunkProcessor.writeItems(SimpleChunkProcessor.java:203)\n	at org.springframework.batch.core.step.item.SimpleChunkProcessor.doWrite(SimpleChunkProcessor.java:170)\n	at org.springframework.batch.core.step.item.SimpleChunkProcessor.write(SimpleChunkProcessor.java:297)\n	at org.springframework.batch.core.step.item.SimpleChunkProcessor.process(SimpleChunkProcessor.java:227)\n	at org.springframework.batch.core.step.item.ChunkOrientedTasklet.execute(ChunkOrientedTasklet.java:75)\n	at org.springframework.batch.core.step.tasklet.TaskletStep$ChunkTransactionCallback.doInTransaction(TaskletStep.java:389)\n	at org.springframework.batch.core.step.tasklet.TaskletStep$ChunkTransactionCallback.doInTransaction(TaskletStep.java:313)\n	at org.springframework.transaction.support.TransactionTemplate.execute(TransactionTemplate.java:140)\n	at org.springframework.batch.core.step.tasklet.TaskletStep$2.doInChunkContext(TaskletStep.java:256)\n	at org.springframework.batch.core.scope.context.StepContextRepeatCallback.doInIteration(StepContextRepeatCallback.java:82)\n	at org.springframework.batch.repeat.support.TaskExecutorRepeatTemplate$ExecutingRunnable.run(TaskExecutorRepeatTemplate.java:261)\n	at org.springframework.core.task.SimpleAsyncTaskExecutor$ConcurrencyThrottlingRunnable.run(SimpleAsyncTaskExecutor.java:285)\n	at java.base/java.lang.Thread.run(Thread.java:833)\n','2023-04-07 10:38:16.469473'),(48,3,'invoices',50,'2023-04-07 10:38:26.397226','2023-04-07 10:38:26.410064','2023-04-07 10:38:26.487741','FAILED',1,25,0,0,0,0,0,4,'FAILED','java.io.FileNotFoundException: src/main/resources/invoices/invoices/invoices_2023-04-07.xlsx (No such file or directory)\n	at java.base/java.io.FileOutputStream.open0(Native Method)\n	at java.base/java.io.FileOutputStream.open(FileOutputStream.java:293)\n	at java.base/java.io.FileOutputStream.<init>(FileOutputStream.java:235)\n	at java.base/java.io.FileOutputStream.<init>(FileOutputStream.java:184)\n	at com.batchapp.config.batch.steps.InvoiceWriter.write(InvoiceWriter.java:53)\n	at org.springframework.batch.core.step.item.SimpleChunkProcessor.writeItems(SimpleChunkProcessor.java:203)\n	at org.springframework.batch.core.step.item.SimpleChunkProcessor.doWrite(SimpleChunkProcessor.java:170)\n	at org.springframework.batch.core.step.item.SimpleChunkProcessor.write(SimpleChunkProcessor.java:297)\n	at org.springframework.batch.core.step.item.SimpleChunkProcessor.process(SimpleChunkProcessor.java:227)\n	at org.springframework.batch.core.step.item.ChunkOrientedTasklet.execute(ChunkOrientedTasklet.java:75)\n	at org.springframework.batch.core.step.tasklet.TaskletStep$ChunkTransactionCallback.doInTransaction(TaskletStep.java:389)\n	at org.springframework.batch.core.step.tasklet.TaskletStep$ChunkTransactionCallback.doInTransaction(TaskletStep.java:313)\n	at org.springframework.transaction.support.TransactionTemplate.execute(TransactionTemplate.java:140)\n	at org.springframework.batch.core.step.tasklet.TaskletStep$2.doInChunkContext(TaskletStep.java:256)\n	at org.springframework.batch.core.scope.context.StepContextRepeatCallback.doInIteration(StepContextRepeatCallback.java:82)\n	at org.springframework.batch.repeat.support.TaskExecutorRepeatTemplate$ExecutingRunnable.run(TaskExecutorRepeatTemplate.java:261)\n	at org.springframework.core.task.SimpleAsyncTaskExecutor$ConcurrencyThrottlingRunnable.run(SimpleAsyncTaskExecutor.java:285)\n	at java.base/java.lang.Thread.run(Thread.java:833)\n','2023-04-07 10:38:26.489251'),(49,3,'invoices',51,'2023-04-07 10:38:36.395313','2023-04-07 10:38:36.407510','2023-04-07 10:38:36.475018','FAILED',1,25,0,0,0,0,0,4,'FAILED','java.io.FileNotFoundException: src/main/resources/invoices/invoices/invoices_2023-04-07.xlsx (No such file or directory)\n	at java.base/java.io.FileOutputStream.open0(Native Method)\n	at java.base/java.io.FileOutputStream.open(FileOutputStream.java:293)\n	at java.base/java.io.FileOutputStream.<init>(FileOutputStream.java:235)\n	at java.base/java.io.FileOutputStream.<init>(FileOutputStream.java:184)\n	at com.batchapp.config.batch.steps.InvoiceWriter.write(InvoiceWriter.java:53)\n	at org.springframework.batch.core.step.item.SimpleChunkProcessor.writeItems(SimpleChunkProcessor.java:203)\n	at org.springframework.batch.core.step.item.SimpleChunkProcessor.doWrite(SimpleChunkProcessor.java:170)\n	at org.springframework.batch.core.step.item.SimpleChunkProcessor.write(SimpleChunkProcessor.java:297)\n	at org.springframework.batch.core.step.item.SimpleChunkProcessor.process(SimpleChunkProcessor.java:227)\n	at org.springframework.batch.core.step.item.ChunkOrientedTasklet.execute(ChunkOrientedTasklet.java:75)\n	at org.springframework.batch.core.step.tasklet.TaskletStep$ChunkTransactionCallback.doInTransaction(TaskletStep.java:389)\n	at org.springframework.batch.core.step.tasklet.TaskletStep$ChunkTransactionCallback.doInTransaction(TaskletStep.java:313)\n	at org.springframework.transaction.support.TransactionTemplate.execute(TransactionTemplate.java:140)\n	at org.springframework.batch.core.step.tasklet.TaskletStep$2.doInChunkContext(TaskletStep.java:256)\n	at org.springframework.batch.core.scope.context.StepContextRepeatCallback.doInIteration(StepContextRepeatCallback.java:82)\n	at org.springframework.batch.repeat.support.TaskExecutorRepeatTemplate$ExecutingRunnable.run(TaskExecutorRepeatTemplate.java:261)\n	at org.springframework.core.task.SimpleAsyncTaskExecutor$ConcurrencyThrottlingRunnable.run(SimpleAsyncTaskExecutor.java:285)\n	at java.base/java.lang.Thread.run(Thread.java:833)\n','2023-04-07 10:38:36.475792'),(50,3,'invoices',52,'2023-04-07 10:38:46.439228','2023-04-07 10:38:46.456263','2023-04-07 10:38:46.522427','FAILED',1,25,0,0,0,0,0,4,'FAILED','java.io.FileNotFoundException: src/main/resources/invoices/invoices/invoices_2023-04-07.xlsx (No such file or directory)\n	at java.base/java.io.FileOutputStream.open0(Native Method)\n	at java.base/java.io.FileOutputStream.open(FileOutputStream.java:293)\n	at java.base/java.io.FileOutputStream.<init>(FileOutputStream.java:235)\n	at java.base/java.io.FileOutputStream.<init>(FileOutputStream.java:184)\n	at com.batchapp.config.batch.steps.InvoiceWriter.write(InvoiceWriter.java:53)\n	at org.springframework.batch.core.step.item.SimpleChunkProcessor.writeItems(SimpleChunkProcessor.java:203)\n	at org.springframework.batch.core.step.item.SimpleChunkProcessor.doWrite(SimpleChunkProcessor.java:170)\n	at org.springframework.batch.core.step.item.SimpleChunkProcessor.write(SimpleChunkProcessor.java:297)\n	at org.springframework.batch.core.step.item.SimpleChunkProcessor.process(SimpleChunkProcessor.java:227)\n	at org.springframework.batch.core.step.item.ChunkOrientedTasklet.execute(ChunkOrientedTasklet.java:75)\n	at org.springframework.batch.core.step.tasklet.TaskletStep$ChunkTransactionCallback.doInTransaction(TaskletStep.java:389)\n	at org.springframework.batch.core.step.tasklet.TaskletStep$ChunkTransactionCallback.doInTransaction(TaskletStep.java:313)\n	at org.springframework.transaction.support.TransactionTemplate.execute(TransactionTemplate.java:140)\n	at org.springframework.batch.core.step.tasklet.TaskletStep$2.doInChunkContext(TaskletStep.java:256)\n	at org.springframework.batch.core.scope.context.StepContextRepeatCallback.doInIteration(StepContextRepeatCallback.java:82)\n	at org.springframework.batch.repeat.support.TaskExecutorRepeatTemplate$ExecutingRunnable.run(TaskExecutorRepeatTemplate.java:261)\n	at org.springframework.core.task.SimpleAsyncTaskExecutor$ConcurrencyThrottlingRunnable.run(SimpleAsyncTaskExecutor.java:285)\n	at java.base/java.lang.Thread.run(Thread.java:833)\n','2023-04-07 10:38:46.523281'),(51,3,'invoices',53,'2023-04-07 10:38:56.430059','2023-04-07 10:38:56.444769','2023-04-07 10:38:56.559651','FAILED',1,25,0,0,0,0,0,4,'FAILED','java.io.FileNotFoundException: src/main/resources/invoices/invoices/invoices_2023-04-07.xlsx (No such file or directory)\n	at java.base/java.io.FileOutputStream.open0(Native Method)\n	at java.base/java.io.FileOutputStream.open(FileOutputStream.java:293)\n	at java.base/java.io.FileOutputStream.<init>(FileOutputStream.java:235)\n	at java.base/java.io.FileOutputStream.<init>(FileOutputStream.java:184)\n	at com.batchapp.config.batch.steps.InvoiceWriter.write(InvoiceWriter.java:53)\n	at org.springframework.batch.core.step.item.SimpleChunkProcessor.writeItems(SimpleChunkProcessor.java:203)\n	at org.springframework.batch.core.step.item.SimpleChunkProcessor.doWrite(SimpleChunkProcessor.java:170)\n	at org.springframework.batch.core.step.item.SimpleChunkProcessor.write(SimpleChunkProcessor.java:297)\n	at org.springframework.batch.core.step.item.SimpleChunkProcessor.process(SimpleChunkProcessor.java:227)\n	at org.springframework.batch.core.step.item.ChunkOrientedTasklet.execute(ChunkOrientedTasklet.java:75)\n	at org.springframework.batch.core.step.tasklet.TaskletStep$ChunkTransactionCallback.doInTransaction(TaskletStep.java:389)\n	at org.springframework.batch.core.step.tasklet.TaskletStep$ChunkTransactionCallback.doInTransaction(TaskletStep.java:313)\n	at org.springframework.transaction.support.TransactionTemplate.execute(TransactionTemplate.java:140)\n	at org.springframework.batch.core.step.tasklet.TaskletStep$2.doInChunkContext(TaskletStep.java:256)\n	at org.springframework.batch.core.scope.context.StepContextRepeatCallback.doInIteration(StepContextRepeatCallback.java:82)\n	at org.springframework.batch.repeat.support.TaskExecutorRepeatTemplate$ExecutingRunnable.run(TaskExecutorRepeatTemplate.java:261)\n	at org.springframework.core.task.SimpleAsyncTaskExecutor$ConcurrencyThrottlingRunnable.run(SimpleAsyncTaskExecutor.java:285)\n	at java.base/java.lang.Thread.run(Thread.java:833)\n','2023-04-07 10:38:56.560754'),(52,3,'invoices',54,'2023-04-07 10:39:12.923495','2023-04-07 10:39:12.944275','2023-04-07 10:39:13.193560','FAILED',1,25,0,0,0,0,0,4,'FAILED','java.io.IOException: No such file or directory\n	at java.base/java.io.UnixFileSystem.createFileExclusively(Native Method)\n	at java.base/java.io.File.createNewFile(File.java:1043)\n	at com.batchapp.config.batch.steps.InvoiceWriter.write(InvoiceWriter.java:27)\n	at org.springframework.batch.core.step.item.SimpleChunkProcessor.writeItems(SimpleChunkProcessor.java:203)\n	at org.springframework.batch.core.step.item.SimpleChunkProcessor.doWrite(SimpleChunkProcessor.java:170)\n	at org.springframework.batch.core.step.item.SimpleChunkProcessor.write(SimpleChunkProcessor.java:297)\n	at org.springframework.batch.core.step.item.SimpleChunkProcessor.process(SimpleChunkProcessor.java:227)\n	at org.springframework.batch.core.step.item.ChunkOrientedTasklet.execute(ChunkOrientedTasklet.java:75)\n	at org.springframework.batch.core.step.tasklet.TaskletStep$ChunkTransactionCallback.doInTransaction(TaskletStep.java:389)\n	at org.springframework.batch.core.step.tasklet.TaskletStep$ChunkTransactionCallback.doInTransaction(TaskletStep.java:313)\n	at org.springframework.transaction.support.TransactionTemplate.execute(TransactionTemplate.java:140)\n	at org.springframework.batch.core.step.tasklet.TaskletStep$2.doInChunkContext(TaskletStep.java:256)\n	at org.springframework.batch.core.scope.context.StepContextRepeatCallback.doInIteration(StepContextRepeatCallback.java:82)\n	at org.springframework.batch.repeat.support.TaskExecutorRepeatTemplate$ExecutingRunnable.run(TaskExecutorRepeatTemplate.java:261)\n	at org.springframework.core.task.SimpleAsyncTaskExecutor$ConcurrencyThrottlingRunnable.run(SimpleAsyncTaskExecutor.java:285)\n	at java.base/java.lang.Thread.run(Thread.java:833)\n','2023-04-07 10:39:13.194602'),(53,3,'invoices',55,'2023-04-07 10:39:22.846187','2023-04-07 10:39:22.859158','2023-04-07 10:39:22.933326','FAILED',1,25,0,0,0,0,0,4,'FAILED','java.io.IOException: No such file or directory\n	at java.base/java.io.UnixFileSystem.createFileExclusively(Native Method)\n	at java.base/java.io.File.createNewFile(File.java:1043)\n	at com.batchapp.config.batch.steps.InvoiceWriter.write(InvoiceWriter.java:27)\n	at org.springframework.batch.core.step.item.SimpleChunkProcessor.writeItems(SimpleChunkProcessor.java:203)\n	at org.springframework.batch.core.step.item.SimpleChunkProcessor.doWrite(SimpleChunkProcessor.java:170)\n	at org.springframework.batch.core.step.item.SimpleChunkProcessor.write(SimpleChunkProcessor.java:297)\n	at org.springframework.batch.core.step.item.SimpleChunkProcessor.process(SimpleChunkProcessor.java:227)\n	at org.springframework.batch.core.step.item.ChunkOrientedTasklet.execute(ChunkOrientedTasklet.java:75)\n	at org.springframework.batch.core.step.tasklet.TaskletStep$ChunkTransactionCallback.doInTransaction(TaskletStep.java:389)\n	at org.springframework.batch.core.step.tasklet.TaskletStep$ChunkTransactionCallback.doInTransaction(TaskletStep.java:313)\n	at org.springframework.transaction.support.TransactionTemplate.execute(TransactionTemplate.java:140)\n	at org.springframework.batch.core.step.tasklet.TaskletStep$2.doInChunkContext(TaskletStep.java:256)\n	at org.springframework.batch.core.scope.context.StepContextRepeatCallback.doInIteration(StepContextRepeatCallback.java:82)\n	at org.springframework.batch.repeat.support.TaskExecutorRepeatTemplate$ExecutingRunnable.run(TaskExecutorRepeatTemplate.java:261)\n	at org.springframework.core.task.SimpleAsyncTaskExecutor$ConcurrencyThrottlingRunnable.run(SimpleAsyncTaskExecutor.java:285)\n	at java.base/java.lang.Thread.run(Thread.java:833)\n','2023-04-07 10:39:22.934548'),(54,3,'invoices',56,'2023-04-07 10:39:32.992245','2023-04-07 10:39:33.075802','2023-04-07 10:39:33.337855','FAILED',1,25,0,0,0,0,0,4,'FAILED','java.io.IOException: No such file or directory\n	at java.base/java.io.UnixFileSystem.createFileExclusively(Native Method)\n	at java.base/java.io.File.createNewFile(File.java:1043)\n	at com.batchapp.config.batch.steps.InvoiceWriter.write(InvoiceWriter.java:27)\n	at org.springframework.batch.core.step.item.SimpleChunkProcessor.writeItems(SimpleChunkProcessor.java:203)\n	at org.springframework.batch.core.step.item.SimpleChunkProcessor.doWrite(SimpleChunkProcessor.java:170)\n	at org.springframework.batch.core.step.item.SimpleChunkProcessor.write(SimpleChunkProcessor.java:297)\n	at org.springframework.batch.core.step.item.SimpleChunkProcessor.process(SimpleChunkProcessor.java:227)\n	at org.springframework.batch.core.step.item.ChunkOrientedTasklet.execute(ChunkOrientedTasklet.java:75)\n	at org.springframework.batch.core.step.tasklet.TaskletStep$ChunkTransactionCallback.doInTransaction(TaskletStep.java:389)\n	at org.springframework.batch.core.step.tasklet.TaskletStep$ChunkTransactionCallback.doInTransaction(TaskletStep.java:313)\n	at org.springframework.transaction.support.TransactionTemplate.execute(TransactionTemplate.java:140)\n	at org.springframework.batch.core.step.tasklet.TaskletStep$2.doInChunkContext(TaskletStep.java:256)\n	at org.springframework.batch.core.scope.context.StepContextRepeatCallback.doInIteration(StepContextRepeatCallback.java:82)\n	at org.springframework.batch.repeat.support.TaskExecutorRepeatTemplate$ExecutingRunnable.run(TaskExecutorRepeatTemplate.java:261)\n	at org.springframework.core.task.SimpleAsyncTaskExecutor$ConcurrencyThrottlingRunnable.run(SimpleAsyncTaskExecutor.java:285)\n	at java.base/java.lang.Thread.run(Thread.java:833)\n','2023-04-07 10:39:33.340137'),(55,3,'invoices',57,'2023-04-07 10:39:42.846245','2023-04-07 10:39:42.863337','2023-04-07 10:39:42.955401','FAILED',1,25,0,0,0,0,0,4,'FAILED','java.io.IOException: No such file or directory\n	at java.base/java.io.UnixFileSystem.createFileExclusively(Native Method)\n	at java.base/java.io.File.createNewFile(File.java:1043)\n	at com.batchapp.config.batch.steps.InvoiceWriter.write(InvoiceWriter.java:27)\n	at org.springframework.batch.core.step.item.SimpleChunkProcessor.writeItems(SimpleChunkProcessor.java:203)\n	at org.springframework.batch.core.step.item.SimpleChunkProcessor.doWrite(SimpleChunkProcessor.java:170)\n	at org.springframework.batch.core.step.item.SimpleChunkProcessor.write(SimpleChunkProcessor.java:297)\n	at org.springframework.batch.core.step.item.SimpleChunkProcessor.process(SimpleChunkProcessor.java:227)\n	at org.springframework.batch.core.step.item.ChunkOrientedTasklet.execute(ChunkOrientedTasklet.java:75)\n	at org.springframework.batch.core.step.tasklet.TaskletStep$ChunkTransactionCallback.doInTransaction(TaskletStep.java:389)\n	at org.springframework.batch.core.step.tasklet.TaskletStep$ChunkTransactionCallback.doInTransaction(TaskletStep.java:313)\n	at org.springframework.transaction.support.TransactionTemplate.execute(TransactionTemplate.java:140)\n	at org.springframework.batch.core.step.tasklet.TaskletStep$2.doInChunkContext(TaskletStep.java:256)\n	at org.springframework.batch.core.scope.context.StepContextRepeatCallback.doInIteration(StepContextRepeatCallback.java:82)\n	at org.springframework.batch.repeat.support.TaskExecutorRepeatTemplate$ExecutingRunnable.run(TaskExecutorRepeatTemplate.java:261)\n	at org.springframework.core.task.SimpleAsyncTaskExecutor$ConcurrencyThrottlingRunnable.run(SimpleAsyncTaskExecutor.java:285)\n	at java.base/java.lang.Thread.run(Thread.java:833)\n','2023-04-07 10:39:42.956283'),(56,3,'invoices',58,'2023-04-07 10:39:52.791542','2023-04-07 10:39:52.805819','2023-04-07 10:39:52.873839','FAILED',1,25,0,0,0,0,0,4,'FAILED','java.io.IOException: No such file or directory\n	at java.base/java.io.UnixFileSystem.createFileExclusively(Native Method)\n	at java.base/java.io.File.createNewFile(File.java:1043)\n	at com.batchapp.config.batch.steps.InvoiceWriter.write(InvoiceWriter.java:27)\n	at org.springframework.batch.core.step.item.SimpleChunkProcessor.writeItems(SimpleChunkProcessor.java:203)\n	at org.springframework.batch.core.step.item.SimpleChunkProcessor.doWrite(SimpleChunkProcessor.java:170)\n	at org.springframework.batch.core.step.item.SimpleChunkProcessor.write(SimpleChunkProcessor.java:297)\n	at org.springframework.batch.core.step.item.SimpleChunkProcessor.process(SimpleChunkProcessor.java:227)\n	at org.springframework.batch.core.step.item.ChunkOrientedTasklet.execute(ChunkOrientedTasklet.java:75)\n	at org.springframework.batch.core.step.tasklet.TaskletStep$ChunkTransactionCallback.doInTransaction(TaskletStep.java:389)\n	at org.springframework.batch.core.step.tasklet.TaskletStep$ChunkTransactionCallback.doInTransaction(TaskletStep.java:313)\n	at org.springframework.transaction.support.TransactionTemplate.execute(TransactionTemplate.java:140)\n	at org.springframework.batch.core.step.tasklet.TaskletStep$2.doInChunkContext(TaskletStep.java:256)\n	at org.springframework.batch.core.scope.context.StepContextRepeatCallback.doInIteration(StepContextRepeatCallback.java:82)\n	at org.springframework.batch.repeat.support.TaskExecutorRepeatTemplate$ExecutingRunnable.run(TaskExecutorRepeatTemplate.java:261)\n	at org.springframework.core.task.SimpleAsyncTaskExecutor$ConcurrencyThrottlingRunnable.run(SimpleAsyncTaskExecutor.java:285)\n	at java.base/java.lang.Thread.run(Thread.java:833)\n','2023-04-07 10:39:52.874938'),(57,3,'invoices',59,'2023-04-07 10:40:02.823101','2023-04-07 10:40:02.835228','2023-04-07 10:40:02.943758','FAILED',1,25,0,0,0,0,0,4,'FAILED','java.io.IOException: No such file or directory\n	at java.base/java.io.UnixFileSystem.createFileExclusively(Native Method)\n	at java.base/java.io.File.createNewFile(File.java:1043)\n	at com.batchapp.config.batch.steps.InvoiceWriter.write(InvoiceWriter.java:27)\n	at org.springframework.batch.core.step.item.SimpleChunkProcessor.writeItems(SimpleChunkProcessor.java:203)\n	at org.springframework.batch.core.step.item.SimpleChunkProcessor.doWrite(SimpleChunkProcessor.java:170)\n	at org.springframework.batch.core.step.item.SimpleChunkProcessor.write(SimpleChunkProcessor.java:297)\n	at org.springframework.batch.core.step.item.SimpleChunkProcessor.process(SimpleChunkProcessor.java:227)\n	at org.springframework.batch.core.step.item.ChunkOrientedTasklet.execute(ChunkOrientedTasklet.java:75)\n	at org.springframework.batch.core.step.tasklet.TaskletStep$ChunkTransactionCallback.doInTransaction(TaskletStep.java:389)\n	at org.springframework.batch.core.step.tasklet.TaskletStep$ChunkTransactionCallback.doInTransaction(TaskletStep.java:313)\n	at org.springframework.transaction.support.TransactionTemplate.execute(TransactionTemplate.java:140)\n	at org.springframework.batch.core.step.tasklet.TaskletStep$2.doInChunkContext(TaskletStep.java:256)\n	at org.springframework.batch.core.scope.context.StepContextRepeatCallback.doInIteration(StepContextRepeatCallback.java:82)\n	at org.springframework.batch.repeat.support.TaskExecutorRepeatTemplate$ExecutingRunnable.run(TaskExecutorRepeatTemplate.java:261)\n	at org.springframework.core.task.SimpleAsyncTaskExecutor$ConcurrencyThrottlingRunnable.run(SimpleAsyncTaskExecutor.java:285)\n	at java.base/java.lang.Thread.run(Thread.java:833)\n','2023-04-07 10:40:02.944378'),(58,3,'invoices',60,'2023-04-07 10:40:12.829047','2023-04-07 10:40:12.840043','2023-04-07 10:40:12.910363','FAILED',1,25,0,0,0,0,0,4,'FAILED','java.io.IOException: No such file or directory\n	at java.base/java.io.UnixFileSystem.createFileExclusively(Native Method)\n	at java.base/java.io.File.createNewFile(File.java:1043)\n	at com.batchapp.config.batch.steps.InvoiceWriter.write(InvoiceWriter.java:27)\n	at org.springframework.batch.core.step.item.SimpleChunkProcessor.writeItems(SimpleChunkProcessor.java:203)\n	at org.springframework.batch.core.step.item.SimpleChunkProcessor.doWrite(SimpleChunkProcessor.java:170)\n	at org.springframework.batch.core.step.item.SimpleChunkProcessor.write(SimpleChunkProcessor.java:297)\n	at org.springframework.batch.core.step.item.SimpleChunkProcessor.process(SimpleChunkProcessor.java:227)\n	at org.springframework.batch.core.step.item.ChunkOrientedTasklet.execute(ChunkOrientedTasklet.java:75)\n	at org.springframework.batch.core.step.tasklet.TaskletStep$ChunkTransactionCallback.doInTransaction(TaskletStep.java:389)\n	at org.springframework.batch.core.step.tasklet.TaskletStep$ChunkTransactionCallback.doInTransaction(TaskletStep.java:313)\n	at org.springframework.transaction.support.TransactionTemplate.execute(TransactionTemplate.java:140)\n	at org.springframework.batch.core.step.tasklet.TaskletStep$2.doInChunkContext(TaskletStep.java:256)\n	at org.springframework.batch.core.scope.context.StepContextRepeatCallback.doInIteration(StepContextRepeatCallback.java:82)\n	at org.springframework.batch.repeat.support.TaskExecutorRepeatTemplate$ExecutingRunnable.run(TaskExecutorRepeatTemplate.java:261)\n	at org.springframework.core.task.SimpleAsyncTaskExecutor$ConcurrencyThrottlingRunnable.run(SimpleAsyncTaskExecutor.java:285)\n	at java.base/java.lang.Thread.run(Thread.java:833)\n','2023-04-07 10:40:12.911369'),(59,3,'invoices',61,'2023-04-07 10:40:22.851031','2023-04-07 10:40:22.861950','2023-04-07 10:40:22.935353','FAILED',1,25,0,0,0,0,0,4,'FAILED','java.io.IOException: No such file or directory\n	at java.base/java.io.UnixFileSystem.createFileExclusively(Native Method)\n	at java.base/java.io.File.createNewFile(File.java:1043)\n	at com.batchapp.config.batch.steps.InvoiceWriter.write(InvoiceWriter.java:27)\n	at org.springframework.batch.core.step.item.SimpleChunkProcessor.writeItems(SimpleChunkProcessor.java:203)\n	at org.springframework.batch.core.step.item.SimpleChunkProcessor.doWrite(SimpleChunkProcessor.java:170)\n	at org.springframework.batch.core.step.item.SimpleChunkProcessor.write(SimpleChunkProcessor.java:297)\n	at org.springframework.batch.core.step.item.SimpleChunkProcessor.process(SimpleChunkProcessor.java:227)\n	at org.springframework.batch.core.step.item.ChunkOrientedTasklet.execute(ChunkOrientedTasklet.java:75)\n	at org.springframework.batch.core.step.tasklet.TaskletStep$ChunkTransactionCallback.doInTransaction(TaskletStep.java:389)\n	at org.springframework.batch.core.step.tasklet.TaskletStep$ChunkTransactionCallback.doInTransaction(TaskletStep.java:313)\n	at org.springframework.transaction.support.TransactionTemplate.execute(TransactionTemplate.java:140)\n	at org.springframework.batch.core.step.tasklet.TaskletStep$2.doInChunkContext(TaskletStep.java:256)\n	at org.springframework.batch.core.scope.context.StepContextRepeatCallback.doInIteration(StepContextRepeatCallback.java:82)\n	at org.springframework.batch.repeat.support.TaskExecutorRepeatTemplate$ExecutingRunnable.run(TaskExecutorRepeatTemplate.java:261)\n	at org.springframework.core.task.SimpleAsyncTaskExecutor$ConcurrencyThrottlingRunnable.run(SimpleAsyncTaskExecutor.java:285)\n	at java.base/java.lang.Thread.run(Thread.java:833)\n','2023-04-07 10:40:22.936396'),(60,3,'invoices',62,'2023-04-07 10:40:32.862803','2023-04-07 10:40:32.876590','2023-04-07 10:40:32.940216','FAILED',1,25,0,0,0,0,0,4,'FAILED','java.io.IOException: No such file or directory\n	at java.base/java.io.UnixFileSystem.createFileExclusively(Native Method)\n	at java.base/java.io.File.createNewFile(File.java:1043)\n	at com.batchapp.config.batch.steps.InvoiceWriter.write(InvoiceWriter.java:27)\n	at org.springframework.batch.core.step.item.SimpleChunkProcessor.writeItems(SimpleChunkProcessor.java:203)\n	at org.springframework.batch.core.step.item.SimpleChunkProcessor.doWrite(SimpleChunkProcessor.java:170)\n	at org.springframework.batch.core.step.item.SimpleChunkProcessor.write(SimpleChunkProcessor.java:297)\n	at org.springframework.batch.core.step.item.SimpleChunkProcessor.process(SimpleChunkProcessor.java:227)\n	at org.springframework.batch.core.step.item.ChunkOrientedTasklet.execute(ChunkOrientedTasklet.java:75)\n	at org.springframework.batch.core.step.tasklet.TaskletStep$ChunkTransactionCallback.doInTransaction(TaskletStep.java:389)\n	at org.springframework.batch.core.step.tasklet.TaskletStep$ChunkTransactionCallback.doInTransaction(TaskletStep.java:313)\n	at org.springframework.transaction.support.TransactionTemplate.execute(TransactionTemplate.java:140)\n	at org.springframework.batch.core.step.tasklet.TaskletStep$2.doInChunkContext(TaskletStep.java:256)\n	at org.springframework.batch.core.scope.context.StepContextRepeatCallback.doInIteration(StepContextRepeatCallback.java:82)\n	at org.springframework.batch.repeat.support.TaskExecutorRepeatTemplate$ExecutingRunnable.run(TaskExecutorRepeatTemplate.java:261)\n	at org.springframework.core.task.SimpleAsyncTaskExecutor$ConcurrencyThrottlingRunnable.run(SimpleAsyncTaskExecutor.java:285)\n	at java.base/java.lang.Thread.run(Thread.java:833)\n','2023-04-07 10:40:32.941037'),(61,3,'invoices',63,'2023-04-07 10:40:42.830664','2023-04-07 10:40:42.845271','2023-04-07 10:40:42.913518','FAILED',1,25,0,0,0,0,0,4,'FAILED','java.io.IOException: No such file or directory\n	at java.base/java.io.UnixFileSystem.createFileExclusively(Native Method)\n	at java.base/java.io.File.createNewFile(File.java:1043)\n	at com.batchapp.config.batch.steps.InvoiceWriter.write(InvoiceWriter.java:27)\n	at org.springframework.batch.core.step.item.SimpleChunkProcessor.writeItems(SimpleChunkProcessor.java:203)\n	at org.springframework.batch.core.step.item.SimpleChunkProcessor.doWrite(SimpleChunkProcessor.java:170)\n	at org.springframework.batch.core.step.item.SimpleChunkProcessor.write(SimpleChunkProcessor.java:297)\n	at org.springframework.batch.core.step.item.SimpleChunkProcessor.process(SimpleChunkProcessor.java:227)\n	at org.springframework.batch.core.step.item.ChunkOrientedTasklet.execute(ChunkOrientedTasklet.java:75)\n	at org.springframework.batch.core.step.tasklet.TaskletStep$ChunkTransactionCallback.doInTransaction(TaskletStep.java:389)\n	at org.springframework.batch.core.step.tasklet.TaskletStep$ChunkTransactionCallback.doInTransaction(TaskletStep.java:313)\n	at org.springframework.transaction.support.TransactionTemplate.execute(TransactionTemplate.java:140)\n	at org.springframework.batch.core.step.tasklet.TaskletStep$2.doInChunkContext(TaskletStep.java:256)\n	at org.springframework.batch.core.scope.context.StepContextRepeatCallback.doInIteration(StepContextRepeatCallback.java:82)\n	at org.springframework.batch.repeat.support.TaskExecutorRepeatTemplate$ExecutingRunnable.run(TaskExecutorRepeatTemplate.java:261)\n	at org.springframework.core.task.SimpleAsyncTaskExecutor$ConcurrencyThrottlingRunnable.run(SimpleAsyncTaskExecutor.java:285)\n	at java.base/java.lang.Thread.run(Thread.java:833)\n','2023-04-07 10:40:42.914294'),(62,3,'invoices',64,'2023-04-07 10:40:52.818306','2023-04-07 10:40:52.850248','2023-04-07 10:40:52.922901','FAILED',1,25,0,0,0,0,0,4,'FAILED','java.io.IOException: No such file or directory\n	at java.base/java.io.UnixFileSystem.createFileExclusively(Native Method)\n	at java.base/java.io.File.createNewFile(File.java:1043)\n	at com.batchapp.config.batch.steps.InvoiceWriter.write(InvoiceWriter.java:27)\n	at org.springframework.batch.core.step.item.SimpleChunkProcessor.writeItems(SimpleChunkProcessor.java:203)\n	at org.springframework.batch.core.step.item.SimpleChunkProcessor.doWrite(SimpleChunkProcessor.java:170)\n	at org.springframework.batch.core.step.item.SimpleChunkProcessor.write(SimpleChunkProcessor.java:297)\n	at org.springframework.batch.core.step.item.SimpleChunkProcessor.process(SimpleChunkProcessor.java:227)\n	at org.springframework.batch.core.step.item.ChunkOrientedTasklet.execute(ChunkOrientedTasklet.java:75)\n	at org.springframework.batch.core.step.tasklet.TaskletStep$ChunkTransactionCallback.doInTransaction(TaskletStep.java:389)\n	at org.springframework.batch.core.step.tasklet.TaskletStep$ChunkTransactionCallback.doInTransaction(TaskletStep.java:313)\n	at org.springframework.transaction.support.TransactionTemplate.execute(TransactionTemplate.java:140)\n	at org.springframework.batch.core.step.tasklet.TaskletStep$2.doInChunkContext(TaskletStep.java:256)\n	at org.springframework.batch.core.scope.context.StepContextRepeatCallback.doInIteration(StepContextRepeatCallback.java:82)\n	at org.springframework.batch.repeat.support.TaskExecutorRepeatTemplate$ExecutingRunnable.run(TaskExecutorRepeatTemplate.java:261)\n	at org.springframework.core.task.SimpleAsyncTaskExecutor$ConcurrencyThrottlingRunnable.run(SimpleAsyncTaskExecutor.java:285)\n	at java.base/java.lang.Thread.run(Thread.java:833)\n','2023-04-07 10:40:52.923683'),(63,3,'invoices',65,'2023-04-07 10:41:02.843360','2023-04-07 10:41:02.855387','2023-04-07 10:41:02.916937','FAILED',1,25,0,0,0,0,0,4,'FAILED','java.io.IOException: No such file or directory\n	at java.base/java.io.UnixFileSystem.createFileExclusively(Native Method)\n	at java.base/java.io.File.createNewFile(File.java:1043)\n	at com.batchapp.config.batch.steps.InvoiceWriter.write(InvoiceWriter.java:27)\n	at org.springframework.batch.core.step.item.SimpleChunkProcessor.writeItems(SimpleChunkProcessor.java:203)\n	at org.springframework.batch.core.step.item.SimpleChunkProcessor.doWrite(SimpleChunkProcessor.java:170)\n	at org.springframework.batch.core.step.item.SimpleChunkProcessor.write(SimpleChunkProcessor.java:297)\n	at org.springframework.batch.core.step.item.SimpleChunkProcessor.process(SimpleChunkProcessor.java:227)\n	at org.springframework.batch.core.step.item.ChunkOrientedTasklet.execute(ChunkOrientedTasklet.java:75)\n	at org.springframework.batch.core.step.tasklet.TaskletStep$ChunkTransactionCallback.doInTransaction(TaskletStep.java:389)\n	at org.springframework.batch.core.step.tasklet.TaskletStep$ChunkTransactionCallback.doInTransaction(TaskletStep.java:313)\n	at org.springframework.transaction.support.TransactionTemplate.execute(TransactionTemplate.java:140)\n	at org.springframework.batch.core.step.tasklet.TaskletStep$2.doInChunkContext(TaskletStep.java:256)\n	at org.springframework.batch.core.scope.context.StepContextRepeatCallback.doInIteration(StepContextRepeatCallback.java:82)\n	at org.springframework.batch.repeat.support.TaskExecutorRepeatTemplate$ExecutingRunnable.run(TaskExecutorRepeatTemplate.java:261)\n	at org.springframework.core.task.SimpleAsyncTaskExecutor$ConcurrencyThrottlingRunnable.run(SimpleAsyncTaskExecutor.java:285)\n	at java.base/java.lang.Thread.run(Thread.java:833)\n','2023-04-07 10:41:02.917733'),(64,3,'invoices',66,'2023-04-07 10:41:12.807365','2023-04-07 10:41:12.819447','2023-04-07 10:41:12.885514','FAILED',1,25,0,0,0,0,0,4,'FAILED','java.io.IOException: No such file or directory\n	at java.base/java.io.UnixFileSystem.createFileExclusively(Native Method)\n	at java.base/java.io.File.createNewFile(File.java:1043)\n	at com.batchapp.config.batch.steps.InvoiceWriter.write(InvoiceWriter.java:27)\n	at org.springframework.batch.core.step.item.SimpleChunkProcessor.writeItems(SimpleChunkProcessor.java:203)\n	at org.springframework.batch.core.step.item.SimpleChunkProcessor.doWrite(SimpleChunkProcessor.java:170)\n	at org.springframework.batch.core.step.item.SimpleChunkProcessor.write(SimpleChunkProcessor.java:297)\n	at org.springframework.batch.core.step.item.SimpleChunkProcessor.process(SimpleChunkProcessor.java:227)\n	at org.springframework.batch.core.step.item.ChunkOrientedTasklet.execute(ChunkOrientedTasklet.java:75)\n	at org.springframework.batch.core.step.tasklet.TaskletStep$ChunkTransactionCallback.doInTransaction(TaskletStep.java:389)\n	at org.springframework.batch.core.step.tasklet.TaskletStep$ChunkTransactionCallback.doInTransaction(TaskletStep.java:313)\n	at org.springframework.transaction.support.TransactionTemplate.execute(TransactionTemplate.java:140)\n	at org.springframework.batch.core.step.tasklet.TaskletStep$2.doInChunkContext(TaskletStep.java:256)\n	at org.springframework.batch.core.scope.context.StepContextRepeatCallback.doInIteration(StepContextRepeatCallback.java:82)\n	at org.springframework.batch.repeat.support.TaskExecutorRepeatTemplate$ExecutingRunnable.run(TaskExecutorRepeatTemplate.java:261)\n	at org.springframework.core.task.SimpleAsyncTaskExecutor$ConcurrencyThrottlingRunnable.run(SimpleAsyncTaskExecutor.java:285)\n	at java.base/java.lang.Thread.run(Thread.java:833)\n','2023-04-07 10:41:12.886651'),(65,3,'invoices',67,'2023-04-07 10:41:22.800103','2023-04-07 10:41:22.811836','2023-04-07 10:41:22.862340','FAILED',1,25,0,0,0,0,0,4,'FAILED','java.io.IOException: No such file or directory\n	at java.base/java.io.UnixFileSystem.createFileExclusively(Native Method)\n	at java.base/java.io.File.createNewFile(File.java:1043)\n	at com.batchapp.config.batch.steps.InvoiceWriter.write(InvoiceWriter.java:27)\n	at org.springframework.batch.core.step.item.SimpleChunkProcessor.writeItems(SimpleChunkProcessor.java:203)\n	at org.springframework.batch.core.step.item.SimpleChunkProcessor.doWrite(SimpleChunkProcessor.java:170)\n	at org.springframework.batch.core.step.item.SimpleChunkProcessor.write(SimpleChunkProcessor.java:297)\n	at org.springframework.batch.core.step.item.SimpleChunkProcessor.process(SimpleChunkProcessor.java:227)\n	at org.springframework.batch.core.step.item.ChunkOrientedTasklet.execute(ChunkOrientedTasklet.java:75)\n	at org.springframework.batch.core.step.tasklet.TaskletStep$ChunkTransactionCallback.doInTransaction(TaskletStep.java:389)\n	at org.springframework.batch.core.step.tasklet.TaskletStep$ChunkTransactionCallback.doInTransaction(TaskletStep.java:313)\n	at org.springframework.transaction.support.TransactionTemplate.execute(TransactionTemplate.java:140)\n	at org.springframework.batch.core.step.tasklet.TaskletStep$2.doInChunkContext(TaskletStep.java:256)\n	at org.springframework.batch.core.scope.context.StepContextRepeatCallback.doInIteration(StepContextRepeatCallback.java:82)\n	at org.springframework.batch.repeat.support.TaskExecutorRepeatTemplate$ExecutingRunnable.run(TaskExecutorRepeatTemplate.java:261)\n	at org.springframework.core.task.SimpleAsyncTaskExecutor$ConcurrencyThrottlingRunnable.run(SimpleAsyncTaskExecutor.java:285)\n	at java.base/java.lang.Thread.run(Thread.java:833)\n','2023-04-07 10:41:22.862988'),(66,3,'invoices',68,'2023-04-07 10:41:32.835326','2023-04-07 10:41:32.848381','2023-04-07 10:41:32.912370','FAILED',1,25,0,0,0,0,0,4,'FAILED','java.io.IOException: No such file or directory\n	at java.base/java.io.UnixFileSystem.createFileExclusively(Native Method)\n	at java.base/java.io.File.createNewFile(File.java:1043)\n	at com.batchapp.config.batch.steps.InvoiceWriter.write(InvoiceWriter.java:27)\n	at org.springframework.batch.core.step.item.SimpleChunkProcessor.writeItems(SimpleChunkProcessor.java:203)\n	at org.springframework.batch.core.step.item.SimpleChunkProcessor.doWrite(SimpleChunkProcessor.java:170)\n	at org.springframework.batch.core.step.item.SimpleChunkProcessor.write(SimpleChunkProcessor.java:297)\n	at org.springframework.batch.core.step.item.SimpleChunkProcessor.process(SimpleChunkProcessor.java:227)\n	at org.springframework.batch.core.step.item.ChunkOrientedTasklet.execute(ChunkOrientedTasklet.java:75)\n	at org.springframework.batch.core.step.tasklet.TaskletStep$ChunkTransactionCallback.doInTransaction(TaskletStep.java:389)\n	at org.springframework.batch.core.step.tasklet.TaskletStep$ChunkTransactionCallback.doInTransaction(TaskletStep.java:313)\n	at org.springframework.transaction.support.TransactionTemplate.execute(TransactionTemplate.java:140)\n	at org.springframework.batch.core.step.tasklet.TaskletStep$2.doInChunkContext(TaskletStep.java:256)\n	at org.springframework.batch.core.scope.context.StepContextRepeatCallback.doInIteration(StepContextRepeatCallback.java:82)\n	at org.springframework.batch.repeat.support.TaskExecutorRepeatTemplate$ExecutingRunnable.run(TaskExecutorRepeatTemplate.java:261)\n	at org.springframework.core.task.SimpleAsyncTaskExecutor$ConcurrencyThrottlingRunnable.run(SimpleAsyncTaskExecutor.java:285)\n	at java.base/java.lang.Thread.run(Thread.java:833)\n','2023-04-07 10:41:32.913876'),(67,3,'invoices',69,'2023-04-07 10:41:42.799883','2023-04-07 10:41:42.809927','2023-04-07 10:41:42.864508','FAILED',1,25,0,0,0,0,0,4,'FAILED','java.io.IOException: No such file or directory\n	at java.base/java.io.UnixFileSystem.createFileExclusively(Native Method)\n	at java.base/java.io.File.createNewFile(File.java:1043)\n	at com.batchapp.config.batch.steps.InvoiceWriter.write(InvoiceWriter.java:27)\n	at org.springframework.batch.core.step.item.SimpleChunkProcessor.writeItems(SimpleChunkProcessor.java:203)\n	at org.springframework.batch.core.step.item.SimpleChunkProcessor.doWrite(SimpleChunkProcessor.java:170)\n	at org.springframework.batch.core.step.item.SimpleChunkProcessor.write(SimpleChunkProcessor.java:297)\n	at org.springframework.batch.core.step.item.SimpleChunkProcessor.process(SimpleChunkProcessor.java:227)\n	at org.springframework.batch.core.step.item.ChunkOrientedTasklet.execute(ChunkOrientedTasklet.java:75)\n	at org.springframework.batch.core.step.tasklet.TaskletStep$ChunkTransactionCallback.doInTransaction(TaskletStep.java:389)\n	at org.springframework.batch.core.step.tasklet.TaskletStep$ChunkTransactionCallback.doInTransaction(TaskletStep.java:313)\n	at org.springframework.transaction.support.TransactionTemplate.execute(TransactionTemplate.java:140)\n	at org.springframework.batch.core.step.tasklet.TaskletStep$2.doInChunkContext(TaskletStep.java:256)\n	at org.springframework.batch.core.scope.context.StepContextRepeatCallback.doInIteration(StepContextRepeatCallback.java:82)\n	at org.springframework.batch.repeat.support.TaskExecutorRepeatTemplate$ExecutingRunnable.run(TaskExecutorRepeatTemplate.java:261)\n	at org.springframework.core.task.SimpleAsyncTaskExecutor$ConcurrencyThrottlingRunnable.run(SimpleAsyncTaskExecutor.java:285)\n	at java.base/java.lang.Thread.run(Thread.java:833)\n','2023-04-07 10:41:42.865312'),(68,3,'invoices',70,'2023-04-07 10:41:52.807414','2023-04-07 10:41:52.819714','2023-04-07 10:41:52.877754','FAILED',1,25,0,0,0,0,0,4,'FAILED','java.io.IOException: No such file or directory\n	at java.base/java.io.UnixFileSystem.createFileExclusively(Native Method)\n	at java.base/java.io.File.createNewFile(File.java:1043)\n	at com.batchapp.config.batch.steps.InvoiceWriter.write(InvoiceWriter.java:27)\n	at org.springframework.batch.core.step.item.SimpleChunkProcessor.writeItems(SimpleChunkProcessor.java:203)\n	at org.springframework.batch.core.step.item.SimpleChunkProcessor.doWrite(SimpleChunkProcessor.java:170)\n	at org.springframework.batch.core.step.item.SimpleChunkProcessor.write(SimpleChunkProcessor.java:297)\n	at org.springframework.batch.core.step.item.SimpleChunkProcessor.process(SimpleChunkProcessor.java:227)\n	at org.springframework.batch.core.step.item.ChunkOrientedTasklet.execute(ChunkOrientedTasklet.java:75)\n	at org.springframework.batch.core.step.tasklet.TaskletStep$ChunkTransactionCallback.doInTransaction(TaskletStep.java:389)\n	at org.springframework.batch.core.step.tasklet.TaskletStep$ChunkTransactionCallback.doInTransaction(TaskletStep.java:313)\n	at org.springframework.transaction.support.TransactionTemplate.execute(TransactionTemplate.java:140)\n	at org.springframework.batch.core.step.tasklet.TaskletStep$2.doInChunkContext(TaskletStep.java:256)\n	at org.springframework.batch.core.scope.context.StepContextRepeatCallback.doInIteration(StepContextRepeatCallback.java:82)\n	at org.springframework.batch.repeat.support.TaskExecutorRepeatTemplate$ExecutingRunnable.run(TaskExecutorRepeatTemplate.java:261)\n	at org.springframework.core.task.SimpleAsyncTaskExecutor$ConcurrencyThrottlingRunnable.run(SimpleAsyncTaskExecutor.java:285)\n	at java.base/java.lang.Thread.run(Thread.java:833)\n','2023-04-07 10:41:52.878678'),(69,3,'invoices',71,'2023-04-07 10:42:02.810019','2023-04-07 10:42:02.826600','2023-04-07 10:42:02.895918','FAILED',1,25,0,0,0,0,0,4,'FAILED','java.io.IOException: No such file or directory\n	at java.base/java.io.UnixFileSystem.createFileExclusively(Native Method)\n	at java.base/java.io.File.createNewFile(File.java:1043)\n	at com.batchapp.config.batch.steps.InvoiceWriter.write(InvoiceWriter.java:27)\n	at org.springframework.batch.core.step.item.SimpleChunkProcessor.writeItems(SimpleChunkProcessor.java:203)\n	at org.springframework.batch.core.step.item.SimpleChunkProcessor.doWrite(SimpleChunkProcessor.java:170)\n	at org.springframework.batch.core.step.item.SimpleChunkProcessor.write(SimpleChunkProcessor.java:297)\n	at org.springframework.batch.core.step.item.SimpleChunkProcessor.process(SimpleChunkProcessor.java:227)\n	at org.springframework.batch.core.step.item.ChunkOrientedTasklet.execute(ChunkOrientedTasklet.java:75)\n	at org.springframework.batch.core.step.tasklet.TaskletStep$ChunkTransactionCallback.doInTransaction(TaskletStep.java:389)\n	at org.springframework.batch.core.step.tasklet.TaskletStep$ChunkTransactionCallback.doInTransaction(TaskletStep.java:313)\n	at org.springframework.transaction.support.TransactionTemplate.execute(TransactionTemplate.java:140)\n	at org.springframework.batch.core.step.tasklet.TaskletStep$2.doInChunkContext(TaskletStep.java:256)\n	at org.springframework.batch.core.scope.context.StepContextRepeatCallback.doInIteration(StepContextRepeatCallback.java:82)\n	at org.springframework.batch.repeat.support.TaskExecutorRepeatTemplate$ExecutingRunnable.run(TaskExecutorRepeatTemplate.java:261)\n	at org.springframework.core.task.SimpleAsyncTaskExecutor$ConcurrencyThrottlingRunnable.run(SimpleAsyncTaskExecutor.java:285)\n	at java.base/java.lang.Thread.run(Thread.java:833)\n','2023-04-07 10:42:02.896737'),(70,3,'invoices',72,'2023-04-07 10:42:12.830751','2023-04-07 10:42:12.847112','2023-04-07 10:42:12.923911','FAILED',1,25,0,0,0,0,0,4,'FAILED','java.io.IOException: No such file or directory\n	at java.base/java.io.UnixFileSystem.createFileExclusively(Native Method)\n	at java.base/java.io.File.createNewFile(File.java:1043)\n	at com.batchapp.config.batch.steps.InvoiceWriter.write(InvoiceWriter.java:27)\n	at org.springframework.batch.core.step.item.SimpleChunkProcessor.writeItems(SimpleChunkProcessor.java:203)\n	at org.springframework.batch.core.step.item.SimpleChunkProcessor.doWrite(SimpleChunkProcessor.java:170)\n	at org.springframework.batch.core.step.item.SimpleChunkProcessor.write(SimpleChunkProcessor.java:297)\n	at org.springframework.batch.core.step.item.SimpleChunkProcessor.process(SimpleChunkProcessor.java:227)\n	at org.springframework.batch.core.step.item.ChunkOrientedTasklet.execute(ChunkOrientedTasklet.java:75)\n	at org.springframework.batch.core.step.tasklet.TaskletStep$ChunkTransactionCallback.doInTransaction(TaskletStep.java:389)\n	at org.springframework.batch.core.step.tasklet.TaskletStep$ChunkTransactionCallback.doInTransaction(TaskletStep.java:313)\n	at org.springframework.transaction.support.TransactionTemplate.execute(TransactionTemplate.java:140)\n	at org.springframework.batch.core.step.tasklet.TaskletStep$2.doInChunkContext(TaskletStep.java:256)\n	at org.springframework.batch.core.scope.context.StepContextRepeatCallback.doInIteration(StepContextRepeatCallback.java:82)\n	at org.springframework.batch.repeat.support.TaskExecutorRepeatTemplate$ExecutingRunnable.run(TaskExecutorRepeatTemplate.java:261)\n	at org.springframework.core.task.SimpleAsyncTaskExecutor$ConcurrencyThrottlingRunnable.run(SimpleAsyncTaskExecutor.java:285)\n	at java.base/java.lang.Thread.run(Thread.java:833)\n','2023-04-07 10:42:12.924698'),(71,3,'invoices',73,'2023-04-07 10:42:22.792269','2023-04-07 10:42:22.803738','2023-04-07 10:42:22.858945','FAILED',1,25,0,0,0,0,0,4,'FAILED','java.io.IOException: No such file or directory\n	at java.base/java.io.UnixFileSystem.createFileExclusively(Native Method)\n	at java.base/java.io.File.createNewFile(File.java:1043)\n	at com.batchapp.config.batch.steps.InvoiceWriter.write(InvoiceWriter.java:27)\n	at org.springframework.batch.core.step.item.SimpleChunkProcessor.writeItems(SimpleChunkProcessor.java:203)\n	at org.springframework.batch.core.step.item.SimpleChunkProcessor.doWrite(SimpleChunkProcessor.java:170)\n	at org.springframework.batch.core.step.item.SimpleChunkProcessor.write(SimpleChunkProcessor.java:297)\n	at org.springframework.batch.core.step.item.SimpleChunkProcessor.process(SimpleChunkProcessor.java:227)\n	at org.springframework.batch.core.step.item.ChunkOrientedTasklet.execute(ChunkOrientedTasklet.java:75)\n	at org.springframework.batch.core.step.tasklet.TaskletStep$ChunkTransactionCallback.doInTransaction(TaskletStep.java:389)\n	at org.springframework.batch.core.step.tasklet.TaskletStep$ChunkTransactionCallback.doInTransaction(TaskletStep.java:313)\n	at org.springframework.transaction.support.TransactionTemplate.execute(TransactionTemplate.java:140)\n	at org.springframework.batch.core.step.tasklet.TaskletStep$2.doInChunkContext(TaskletStep.java:256)\n	at org.springframework.batch.core.scope.context.StepContextRepeatCallback.doInIteration(StepContextRepeatCallback.java:82)\n	at org.springframework.batch.repeat.support.TaskExecutorRepeatTemplate$ExecutingRunnable.run(TaskExecutorRepeatTemplate.java:261)\n	at org.springframework.core.task.SimpleAsyncTaskExecutor$ConcurrencyThrottlingRunnable.run(SimpleAsyncTaskExecutor.java:285)\n	at java.base/java.lang.Thread.run(Thread.java:833)\n','2023-04-07 10:42:22.859816'),(72,3,'invoices',74,'2023-04-07 10:42:32.788803','2023-04-07 10:42:32.798645','2023-04-07 10:42:32.851442','FAILED',1,25,0,0,0,0,0,4,'FAILED','java.io.IOException: No such file or directory\n	at java.base/java.io.UnixFileSystem.createFileExclusively(Native Method)\n	at java.base/java.io.File.createNewFile(File.java:1043)\n	at com.batchapp.config.batch.steps.InvoiceWriter.write(InvoiceWriter.java:27)\n	at org.springframework.batch.core.step.item.SimpleChunkProcessor.writeItems(SimpleChunkProcessor.java:203)\n	at org.springframework.batch.core.step.item.SimpleChunkProcessor.doWrite(SimpleChunkProcessor.java:170)\n	at org.springframework.batch.core.step.item.SimpleChunkProcessor.write(SimpleChunkProcessor.java:297)\n	at org.springframework.batch.core.step.item.SimpleChunkProcessor.process(SimpleChunkProcessor.java:227)\n	at org.springframework.batch.core.step.item.ChunkOrientedTasklet.execute(ChunkOrientedTasklet.java:75)\n	at org.springframework.batch.core.step.tasklet.TaskletStep$ChunkTransactionCallback.doInTransaction(TaskletStep.java:389)\n	at org.springframework.batch.core.step.tasklet.TaskletStep$ChunkTransactionCallback.doInTransaction(TaskletStep.java:313)\n	at org.springframework.transaction.support.TransactionTemplate.execute(TransactionTemplate.java:140)\n	at org.springframework.batch.core.step.tasklet.TaskletStep$2.doInChunkContext(TaskletStep.java:256)\n	at org.springframework.batch.core.scope.context.StepContextRepeatCallback.doInIteration(StepContextRepeatCallback.java:82)\n	at org.springframework.batch.repeat.support.TaskExecutorRepeatTemplate$ExecutingRunnable.run(TaskExecutorRepeatTemplate.java:261)\n	at org.springframework.core.task.SimpleAsyncTaskExecutor$ConcurrencyThrottlingRunnable.run(SimpleAsyncTaskExecutor.java:285)\n	at java.base/java.lang.Thread.run(Thread.java:833)\n','2023-04-07 10:42:32.852220'),(73,3,'invoices',75,'2023-04-07 10:42:42.789073','2023-04-07 10:42:42.800208','2023-04-07 10:42:42.856535','FAILED',1,25,0,0,0,0,0,4,'FAILED','java.io.IOException: No such file or directory\n	at java.base/java.io.UnixFileSystem.createFileExclusively(Native Method)\n	at java.base/java.io.File.createNewFile(File.java:1043)\n	at com.batchapp.config.batch.steps.InvoiceWriter.write(InvoiceWriter.java:27)\n	at org.springframework.batch.core.step.item.SimpleChunkProcessor.writeItems(SimpleChunkProcessor.java:203)\n	at org.springframework.batch.core.step.item.SimpleChunkProcessor.doWrite(SimpleChunkProcessor.java:170)\n	at org.springframework.batch.core.step.item.SimpleChunkProcessor.write(SimpleChunkProcessor.java:297)\n	at org.springframework.batch.core.step.item.SimpleChunkProcessor.process(SimpleChunkProcessor.java:227)\n	at org.springframework.batch.core.step.item.ChunkOrientedTasklet.execute(ChunkOrientedTasklet.java:75)\n	at org.springframework.batch.core.step.tasklet.TaskletStep$ChunkTransactionCallback.doInTransaction(TaskletStep.java:389)\n	at org.springframework.batch.core.step.tasklet.TaskletStep$ChunkTransactionCallback.doInTransaction(TaskletStep.java:313)\n	at org.springframework.transaction.support.TransactionTemplate.execute(TransactionTemplate.java:140)\n	at org.springframework.batch.core.step.tasklet.TaskletStep$2.doInChunkContext(TaskletStep.java:256)\n	at org.springframework.batch.core.scope.context.StepContextRepeatCallback.doInIteration(StepContextRepeatCallback.java:82)\n	at org.springframework.batch.repeat.support.TaskExecutorRepeatTemplate$ExecutingRunnable.run(TaskExecutorRepeatTemplate.java:261)\n	at org.springframework.core.task.SimpleAsyncTaskExecutor$ConcurrencyThrottlingRunnable.run(SimpleAsyncTaskExecutor.java:285)\n	at java.base/java.lang.Thread.run(Thread.java:833)\n','2023-04-07 10:42:42.857437'),(74,3,'invoices',76,'2023-04-07 10:42:52.785029','2023-04-07 10:42:52.798278','2023-04-07 10:42:52.849449','FAILED',1,25,0,0,0,0,0,4,'FAILED','java.io.IOException: No such file or directory\n	at java.base/java.io.UnixFileSystem.createFileExclusively(Native Method)\n	at java.base/java.io.File.createNewFile(File.java:1043)\n	at com.batchapp.config.batch.steps.InvoiceWriter.write(InvoiceWriter.java:27)\n	at org.springframework.batch.core.step.item.SimpleChunkProcessor.writeItems(SimpleChunkProcessor.java:203)\n	at org.springframework.batch.core.step.item.SimpleChunkProcessor.doWrite(SimpleChunkProcessor.java:170)\n	at org.springframework.batch.core.step.item.SimpleChunkProcessor.write(SimpleChunkProcessor.java:297)\n	at org.springframework.batch.core.step.item.SimpleChunkProcessor.process(SimpleChunkProcessor.java:227)\n	at org.springframework.batch.core.step.item.ChunkOrientedTasklet.execute(ChunkOrientedTasklet.java:75)\n	at org.springframework.batch.core.step.tasklet.TaskletStep$ChunkTransactionCallback.doInTransaction(TaskletStep.java:389)\n	at org.springframework.batch.core.step.tasklet.TaskletStep$ChunkTransactionCallback.doInTransaction(TaskletStep.java:313)\n	at org.springframework.transaction.support.TransactionTemplate.execute(TransactionTemplate.java:140)\n	at org.springframework.batch.core.step.tasklet.TaskletStep$2.doInChunkContext(TaskletStep.java:256)\n	at org.springframework.batch.core.scope.context.StepContextRepeatCallback.doInIteration(StepContextRepeatCallback.java:82)\n	at org.springframework.batch.repeat.support.TaskExecutorRepeatTemplate$ExecutingRunnable.run(TaskExecutorRepeatTemplate.java:261)\n	at org.springframework.core.task.SimpleAsyncTaskExecutor$ConcurrencyThrottlingRunnable.run(SimpleAsyncTaskExecutor.java:285)\n	at java.base/java.lang.Thread.run(Thread.java:833)\n','2023-04-07 10:42:52.850205'),(75,3,'invoices',77,'2023-04-07 10:43:02.787935','2023-04-07 10:43:02.800946','2023-04-07 10:43:02.863028','FAILED',1,25,0,0,0,0,0,4,'FAILED','java.io.IOException: No such file or directory\n	at java.base/java.io.UnixFileSystem.createFileExclusively(Native Method)\n	at java.base/java.io.File.createNewFile(File.java:1043)\n	at com.batchapp.config.batch.steps.InvoiceWriter.write(InvoiceWriter.java:27)\n	at org.springframework.batch.core.step.item.SimpleChunkProcessor.writeItems(SimpleChunkProcessor.java:203)\n	at org.springframework.batch.core.step.item.SimpleChunkProcessor.doWrite(SimpleChunkProcessor.java:170)\n	at org.springframework.batch.core.step.item.SimpleChunkProcessor.write(SimpleChunkProcessor.java:297)\n	at org.springframework.batch.core.step.item.SimpleChunkProcessor.process(SimpleChunkProcessor.java:227)\n	at org.springframework.batch.core.step.item.ChunkOrientedTasklet.execute(ChunkOrientedTasklet.java:75)\n	at org.springframework.batch.core.step.tasklet.TaskletStep$ChunkTransactionCallback.doInTransaction(TaskletStep.java:389)\n	at org.springframework.batch.core.step.tasklet.TaskletStep$ChunkTransactionCallback.doInTransaction(TaskletStep.java:313)\n	at org.springframework.transaction.support.TransactionTemplate.execute(TransactionTemplate.java:140)\n	at org.springframework.batch.core.step.tasklet.TaskletStep$2.doInChunkContext(TaskletStep.java:256)\n	at org.springframework.batch.core.scope.context.StepContextRepeatCallback.doInIteration(StepContextRepeatCallback.java:82)\n	at org.springframework.batch.repeat.support.TaskExecutorRepeatTemplate$ExecutingRunnable.run(TaskExecutorRepeatTemplate.java:261)\n	at org.springframework.core.task.SimpleAsyncTaskExecutor$ConcurrencyThrottlingRunnable.run(SimpleAsyncTaskExecutor.java:285)\n	at java.base/java.lang.Thread.run(Thread.java:833)\n','2023-04-07 10:43:02.866167'),(76,3,'invoices',78,'2023-04-07 10:43:12.796250','2023-04-07 10:43:12.808613','2023-04-07 10:43:12.856026','FAILED',1,25,0,0,0,0,0,4,'FAILED','java.io.IOException: No such file or directory\n	at java.base/java.io.UnixFileSystem.createFileExclusively(Native Method)\n	at java.base/java.io.File.createNewFile(File.java:1043)\n	at com.batchapp.config.batch.steps.InvoiceWriter.write(InvoiceWriter.java:27)\n	at org.springframework.batch.core.step.item.SimpleChunkProcessor.writeItems(SimpleChunkProcessor.java:203)\n	at org.springframework.batch.core.step.item.SimpleChunkProcessor.doWrite(SimpleChunkProcessor.java:170)\n	at org.springframework.batch.core.step.item.SimpleChunkProcessor.write(SimpleChunkProcessor.java:297)\n	at org.springframework.batch.core.step.item.SimpleChunkProcessor.process(SimpleChunkProcessor.java:227)\n	at org.springframework.batch.core.step.item.ChunkOrientedTasklet.execute(ChunkOrientedTasklet.java:75)\n	at org.springframework.batch.core.step.tasklet.TaskletStep$ChunkTransactionCallback.doInTransaction(TaskletStep.java:389)\n	at org.springframework.batch.core.step.tasklet.TaskletStep$ChunkTransactionCallback.doInTransaction(TaskletStep.java:313)\n	at org.springframework.transaction.support.TransactionTemplate.execute(TransactionTemplate.java:140)\n	at org.springframework.batch.core.step.tasklet.TaskletStep$2.doInChunkContext(TaskletStep.java:256)\n	at org.springframework.batch.core.scope.context.StepContextRepeatCallback.doInIteration(StepContextRepeatCallback.java:82)\n	at org.springframework.batch.repeat.support.TaskExecutorRepeatTemplate$ExecutingRunnable.run(TaskExecutorRepeatTemplate.java:261)\n	at org.springframework.core.task.SimpleAsyncTaskExecutor$ConcurrencyThrottlingRunnable.run(SimpleAsyncTaskExecutor.java:285)\n	at java.base/java.lang.Thread.run(Thread.java:833)\n','2023-04-07 10:43:12.856772'),(77,3,'invoices',79,'2023-04-07 10:43:22.801039','2023-04-07 10:43:22.811775','2023-04-07 10:43:22.855861','FAILED',1,25,0,0,0,0,0,4,'FAILED','java.io.IOException: No such file or directory\n	at java.base/java.io.UnixFileSystem.createFileExclusively(Native Method)\n	at java.base/java.io.File.createNewFile(File.java:1043)\n	at com.batchapp.config.batch.steps.InvoiceWriter.write(InvoiceWriter.java:27)\n	at org.springframework.batch.core.step.item.SimpleChunkProcessor.writeItems(SimpleChunkProcessor.java:203)\n	at org.springframework.batch.core.step.item.SimpleChunkProcessor.doWrite(SimpleChunkProcessor.java:170)\n	at org.springframework.batch.core.step.item.SimpleChunkProcessor.write(SimpleChunkProcessor.java:297)\n	at org.springframework.batch.core.step.item.SimpleChunkProcessor.process(SimpleChunkProcessor.java:227)\n	at org.springframework.batch.core.step.item.ChunkOrientedTasklet.execute(ChunkOrientedTasklet.java:75)\n	at org.springframework.batch.core.step.tasklet.TaskletStep$ChunkTransactionCallback.doInTransaction(TaskletStep.java:389)\n	at org.springframework.batch.core.step.tasklet.TaskletStep$ChunkTransactionCallback.doInTransaction(TaskletStep.java:313)\n	at org.springframework.transaction.support.TransactionTemplate.execute(TransactionTemplate.java:140)\n	at org.springframework.batch.core.step.tasklet.TaskletStep$2.doInChunkContext(TaskletStep.java:256)\n	at org.springframework.batch.core.scope.context.StepContextRepeatCallback.doInIteration(StepContextRepeatCallback.java:82)\n	at org.springframework.batch.repeat.support.TaskExecutorRepeatTemplate$ExecutingRunnable.run(TaskExecutorRepeatTemplate.java:261)\n	at org.springframework.core.task.SimpleAsyncTaskExecutor$ConcurrencyThrottlingRunnable.run(SimpleAsyncTaskExecutor.java:285)\n	at java.base/java.lang.Thread.run(Thread.java:833)\n','2023-04-07 10:43:22.856489'),(78,3,'invoices',80,'2023-04-07 10:43:32.799494','2023-04-07 10:43:32.811519','2023-04-07 10:43:32.870579','FAILED',1,25,0,0,0,0,0,4,'FAILED','java.io.IOException: No such file or directory\n	at java.base/java.io.UnixFileSystem.createFileExclusively(Native Method)\n	at java.base/java.io.File.createNewFile(File.java:1043)\n	at com.batchapp.config.batch.steps.InvoiceWriter.write(InvoiceWriter.java:27)\n	at org.springframework.batch.core.step.item.SimpleChunkProcessor.writeItems(SimpleChunkProcessor.java:203)\n	at org.springframework.batch.core.step.item.SimpleChunkProcessor.doWrite(SimpleChunkProcessor.java:170)\n	at org.springframework.batch.core.step.item.SimpleChunkProcessor.write(SimpleChunkProcessor.java:297)\n	at org.springframework.batch.core.step.item.SimpleChunkProcessor.process(SimpleChunkProcessor.java:227)\n	at org.springframework.batch.core.step.item.ChunkOrientedTasklet.execute(ChunkOrientedTasklet.java:75)\n	at org.springframework.batch.core.step.tasklet.TaskletStep$ChunkTransactionCallback.doInTransaction(TaskletStep.java:389)\n	at org.springframework.batch.core.step.tasklet.TaskletStep$ChunkTransactionCallback.doInTransaction(TaskletStep.java:313)\n	at org.springframework.transaction.support.TransactionTemplate.execute(TransactionTemplate.java:140)\n	at org.springframework.batch.core.step.tasklet.TaskletStep$2.doInChunkContext(TaskletStep.java:256)\n	at org.springframework.batch.core.scope.context.StepContextRepeatCallback.doInIteration(StepContextRepeatCallback.java:82)\n	at org.springframework.batch.repeat.support.TaskExecutorRepeatTemplate$ExecutingRunnable.run(TaskExecutorRepeatTemplate.java:261)\n	at org.springframework.core.task.SimpleAsyncTaskExecutor$ConcurrencyThrottlingRunnable.run(SimpleAsyncTaskExecutor.java:285)\n	at java.base/java.lang.Thread.run(Thread.java:833)\n','2023-04-07 10:43:32.871285'),(79,3,'invoices',81,'2023-04-07 10:43:42.803395','2023-04-07 10:43:42.820364','2023-04-07 10:43:42.894709','FAILED',1,25,0,0,0,0,0,4,'FAILED','java.io.IOException: No such file or directory\n	at java.base/java.io.UnixFileSystem.createFileExclusively(Native Method)\n	at java.base/java.io.File.createNewFile(File.java:1043)\n	at com.batchapp.config.batch.steps.InvoiceWriter.write(InvoiceWriter.java:27)\n	at org.springframework.batch.core.step.item.SimpleChunkProcessor.writeItems(SimpleChunkProcessor.java:203)\n	at org.springframework.batch.core.step.item.SimpleChunkProcessor.doWrite(SimpleChunkProcessor.java:170)\n	at org.springframework.batch.core.step.item.SimpleChunkProcessor.write(SimpleChunkProcessor.java:297)\n	at org.springframework.batch.core.step.item.SimpleChunkProcessor.process(SimpleChunkProcessor.java:227)\n	at org.springframework.batch.core.step.item.ChunkOrientedTasklet.execute(ChunkOrientedTasklet.java:75)\n	at org.springframework.batch.core.step.tasklet.TaskletStep$ChunkTransactionCallback.doInTransaction(TaskletStep.java:389)\n	at org.springframework.batch.core.step.tasklet.TaskletStep$ChunkTransactionCallback.doInTransaction(TaskletStep.java:313)\n	at org.springframework.transaction.support.TransactionTemplate.execute(TransactionTemplate.java:140)\n	at org.springframework.batch.core.step.tasklet.TaskletStep$2.doInChunkContext(TaskletStep.java:256)\n	at org.springframework.batch.core.scope.context.StepContextRepeatCallback.doInIteration(StepContextRepeatCallback.java:82)\n	at org.springframework.batch.repeat.support.TaskExecutorRepeatTemplate$ExecutingRunnable.run(TaskExecutorRepeatTemplate.java:261)\n	at org.springframework.core.task.SimpleAsyncTaskExecutor$ConcurrencyThrottlingRunnable.run(SimpleAsyncTaskExecutor.java:285)\n	at java.base/java.lang.Thread.run(Thread.java:833)\n','2023-04-07 10:43:42.896011'),(80,3,'invoices',82,'2023-04-07 10:44:06.403334','2023-04-07 10:44:06.449743','2023-04-07 10:44:06.863002','FAILED',1,25,0,0,0,0,0,4,'FAILED','java.io.FileNotFoundException: src/main/resources/upload/invoices/invoices_2023-04-07.xlsx (No such file or directory)\n	at java.base/java.io.FileOutputStream.open0(Native Method)\n	at java.base/java.io.FileOutputStream.open(FileOutputStream.java:293)\n	at java.base/java.io.FileOutputStream.<init>(FileOutputStream.java:235)\n	at java.base/java.io.FileOutputStream.<init>(FileOutputStream.java:184)\n	at com.batchapp.config.batch.steps.InvoiceWriter.write(InvoiceWriter.java:49)\n	at org.springframework.batch.core.step.item.SimpleChunkProcessor.writeItems(SimpleChunkProcessor.java:203)\n	at org.springframework.batch.core.step.item.SimpleChunkProcessor.doWrite(SimpleChunkProcessor.java:170)\n	at org.springframework.batch.core.step.item.SimpleChunkProcessor.write(SimpleChunkProcessor.java:297)\n	at org.springframework.batch.core.step.item.SimpleChunkProcessor.process(SimpleChunkProcessor.java:227)\n	at org.springframework.batch.core.step.item.ChunkOrientedTasklet.execute(ChunkOrientedTasklet.java:75)\n	at org.springframework.batch.core.step.tasklet.TaskletStep$ChunkTransactionCallback.doInTransaction(TaskletStep.java:389)\n	at org.springframework.batch.core.step.tasklet.TaskletStep$ChunkTransactionCallback.doInTransaction(TaskletStep.java:313)\n	at org.springframework.transaction.support.TransactionTemplate.execute(TransactionTemplate.java:140)\n	at org.springframework.batch.core.step.tasklet.TaskletStep$2.doInChunkContext(TaskletStep.java:256)\n	at org.springframework.batch.core.scope.context.StepContextRepeatCallback.doInIteration(StepContextRepeatCallback.java:82)\n	at org.springframework.batch.repeat.support.TaskExecutorRepeatTemplate$ExecutingRunnable.run(TaskExecutorRepeatTemplate.java:261)\n	at org.springframework.core.task.SimpleAsyncTaskExecutor$ConcurrencyThrottlingRunnable.run(SimpleAsyncTaskExecutor.java:285)\n	at java.base/java.lang.Thread.run(Thread.java:833)\n','2023-04-07 10:44:06.865073'),(81,3,'invoices',83,'2023-04-07 10:44:16.270313','2023-04-07 10:44:16.283716','2023-04-07 10:44:16.364658','FAILED',1,25,0,0,0,0,0,4,'FAILED','java.io.FileNotFoundException: src/main/resources/upload/invoices/invoices_2023-04-07.xlsx (No such file or directory)\n	at java.base/java.io.FileOutputStream.open0(Native Method)\n	at java.base/java.io.FileOutputStream.open(FileOutputStream.java:293)\n	at java.base/java.io.FileOutputStream.<init>(FileOutputStream.java:235)\n	at java.base/java.io.FileOutputStream.<init>(FileOutputStream.java:184)\n	at com.batchapp.config.batch.steps.InvoiceWriter.write(InvoiceWriter.java:49)\n	at org.springframework.batch.core.step.item.SimpleChunkProcessor.writeItems(SimpleChunkProcessor.java:203)\n	at org.springframework.batch.core.step.item.SimpleChunkProcessor.doWrite(SimpleChunkProcessor.java:170)\n	at org.springframework.batch.core.step.item.SimpleChunkProcessor.write(SimpleChunkProcessor.java:297)\n	at org.springframework.batch.core.step.item.SimpleChunkProcessor.process(SimpleChunkProcessor.java:227)\n	at org.springframework.batch.core.step.item.ChunkOrientedTasklet.execute(ChunkOrientedTasklet.java:75)\n	at org.springframework.batch.core.step.tasklet.TaskletStep$ChunkTransactionCallback.doInTransaction(TaskletStep.java:389)\n	at org.springframework.batch.core.step.tasklet.TaskletStep$ChunkTransactionCallback.doInTransaction(TaskletStep.java:313)\n	at org.springframework.transaction.support.TransactionTemplate.execute(TransactionTemplate.java:140)\n	at org.springframework.batch.core.step.tasklet.TaskletStep$2.doInChunkContext(TaskletStep.java:256)\n	at org.springframework.batch.core.scope.context.StepContextRepeatCallback.doInIteration(StepContextRepeatCallback.java:82)\n	at org.springframework.batch.repeat.support.TaskExecutorRepeatTemplate$ExecutingRunnable.run(TaskExecutorRepeatTemplate.java:261)\n	at org.springframework.core.task.SimpleAsyncTaskExecutor$ConcurrencyThrottlingRunnable.run(SimpleAsyncTaskExecutor.java:285)\n	at java.base/java.lang.Thread.run(Thread.java:833)\n','2023-04-07 10:44:16.365467'),(82,3,'invoices',84,'2023-04-07 10:44:26.280656','2023-04-07 10:44:26.294129','2023-04-07 10:44:26.375277','FAILED',1,25,0,0,0,0,0,4,'FAILED','java.io.FileNotFoundException: src/main/resources/upload/invoices/invoices_2023-04-07.xlsx (No such file or directory)\n	at java.base/java.io.FileOutputStream.open0(Native Method)\n	at java.base/java.io.FileOutputStream.open(FileOutputStream.java:293)\n	at java.base/java.io.FileOutputStream.<init>(FileOutputStream.java:235)\n	at java.base/java.io.FileOutputStream.<init>(FileOutputStream.java:184)\n	at com.batchapp.config.batch.steps.InvoiceWriter.write(InvoiceWriter.java:49)\n	at org.springframework.batch.core.step.item.SimpleChunkProcessor.writeItems(SimpleChunkProcessor.java:203)\n	at org.springframework.batch.core.step.item.SimpleChunkProcessor.doWrite(SimpleChunkProcessor.java:170)\n	at org.springframework.batch.core.step.item.SimpleChunkProcessor.write(SimpleChunkProcessor.java:297)\n	at org.springframework.batch.core.step.item.SimpleChunkProcessor.process(SimpleChunkProcessor.java:227)\n	at org.springframework.batch.core.step.item.ChunkOrientedTasklet.execute(ChunkOrientedTasklet.java:75)\n	at org.springframework.batch.core.step.tasklet.TaskletStep$ChunkTransactionCallback.doInTransaction(TaskletStep.java:389)\n	at org.springframework.batch.core.step.tasklet.TaskletStep$ChunkTransactionCallback.doInTransaction(TaskletStep.java:313)\n	at org.springframework.transaction.support.TransactionTemplate.execute(TransactionTemplate.java:140)\n	at org.springframework.batch.core.step.tasklet.TaskletStep$2.doInChunkContext(TaskletStep.java:256)\n	at org.springframework.batch.core.scope.context.StepContextRepeatCallback.doInIteration(StepContextRepeatCallback.java:82)\n	at org.springframework.batch.repeat.support.TaskExecutorRepeatTemplate$ExecutingRunnable.run(TaskExecutorRepeatTemplate.java:261)\n	at org.springframework.core.task.SimpleAsyncTaskExecutor$ConcurrencyThrottlingRunnable.run(SimpleAsyncTaskExecutor.java:285)\n	at java.base/java.lang.Thread.run(Thread.java:833)\n','2023-04-07 10:44:26.375995'),(83,3,'invoices',85,'2023-04-07 10:44:36.238250','2023-04-07 10:44:36.251465','2023-04-07 10:44:36.311981','FAILED',1,25,0,0,0,0,0,4,'FAILED','java.io.FileNotFoundException: src/main/resources/upload/invoices/invoices_2023-04-07.xlsx (No such file or directory)\n	at java.base/java.io.FileOutputStream.open0(Native Method)\n	at java.base/java.io.FileOutputStream.open(FileOutputStream.java:293)\n	at java.base/java.io.FileOutputStream.<init>(FileOutputStream.java:235)\n	at java.base/java.io.FileOutputStream.<init>(FileOutputStream.java:184)\n	at com.batchapp.config.batch.steps.InvoiceWriter.write(InvoiceWriter.java:49)\n	at org.springframework.batch.core.step.item.SimpleChunkProcessor.writeItems(SimpleChunkProcessor.java:203)\n	at org.springframework.batch.core.step.item.SimpleChunkProcessor.doWrite(SimpleChunkProcessor.java:170)\n	at org.springframework.batch.core.step.item.SimpleChunkProcessor.write(SimpleChunkProcessor.java:297)\n	at org.springframework.batch.core.step.item.SimpleChunkProcessor.process(SimpleChunkProcessor.java:227)\n	at org.springframework.batch.core.step.item.ChunkOrientedTasklet.execute(ChunkOrientedTasklet.java:75)\n	at org.springframework.batch.core.step.tasklet.TaskletStep$ChunkTransactionCallback.doInTransaction(TaskletStep.java:389)\n	at org.springframework.batch.core.step.tasklet.TaskletStep$ChunkTransactionCallback.doInTransaction(TaskletStep.java:313)\n	at org.springframework.transaction.support.TransactionTemplate.execute(TransactionTemplate.java:140)\n	at org.springframework.batch.core.step.tasklet.TaskletStep$2.doInChunkContext(TaskletStep.java:256)\n	at org.springframework.batch.core.scope.context.StepContextRepeatCallback.doInIteration(StepContextRepeatCallback.java:82)\n	at org.springframework.batch.repeat.support.TaskExecutorRepeatTemplate$ExecutingRunnable.run(TaskExecutorRepeatTemplate.java:261)\n	at org.springframework.core.task.SimpleAsyncTaskExecutor$ConcurrencyThrottlingRunnable.run(SimpleAsyncTaskExecutor.java:285)\n	at java.base/java.lang.Thread.run(Thread.java:833)\n','2023-04-07 10:44:36.312896'),(84,3,'invoices',86,'2023-04-07 10:44:46.265800','2023-04-07 10:44:46.298680','2023-04-07 10:44:46.391415','FAILED',1,25,0,0,0,0,0,4,'FAILED','java.io.FileNotFoundException: src/main/resources/upload/invoices/invoices_2023-04-07.xlsx (No such file or directory)\n	at java.base/java.io.FileOutputStream.open0(Native Method)\n	at java.base/java.io.FileOutputStream.open(FileOutputStream.java:293)\n	at java.base/java.io.FileOutputStream.<init>(FileOutputStream.java:235)\n	at java.base/java.io.FileOutputStream.<init>(FileOutputStream.java:184)\n	at com.batchapp.config.batch.steps.InvoiceWriter.write(InvoiceWriter.java:49)\n	at org.springframework.batch.core.step.item.SimpleChunkProcessor.writeItems(SimpleChunkProcessor.java:203)\n	at org.springframework.batch.core.step.item.SimpleChunkProcessor.doWrite(SimpleChunkProcessor.java:170)\n	at org.springframework.batch.core.step.item.SimpleChunkProcessor.write(SimpleChunkProcessor.java:297)\n	at org.springframework.batch.core.step.item.SimpleChunkProcessor.process(SimpleChunkProcessor.java:227)\n	at org.springframework.batch.core.step.item.ChunkOrientedTasklet.execute(ChunkOrientedTasklet.java:75)\n	at org.springframework.batch.core.step.tasklet.TaskletStep$ChunkTransactionCallback.doInTransaction(TaskletStep.java:389)\n	at org.springframework.batch.core.step.tasklet.TaskletStep$ChunkTransactionCallback.doInTransaction(TaskletStep.java:313)\n	at org.springframework.transaction.support.TransactionTemplate.execute(TransactionTemplate.java:140)\n	at org.springframework.batch.core.step.tasklet.TaskletStep$2.doInChunkContext(TaskletStep.java:256)\n	at org.springframework.batch.core.scope.context.StepContextRepeatCallback.doInIteration(StepContextRepeatCallback.java:82)\n	at org.springframework.batch.repeat.support.TaskExecutorRepeatTemplate$ExecutingRunnable.run(TaskExecutorRepeatTemplate.java:261)\n	at org.springframework.core.task.SimpleAsyncTaskExecutor$ConcurrencyThrottlingRunnable.run(SimpleAsyncTaskExecutor.java:285)\n	at java.base/java.lang.Thread.run(Thread.java:833)\n','2023-04-07 10:44:46.392246'),(85,7,'invoices',87,'2023-04-07 10:45:06.964103','2023-04-07 10:45:07.065808','2023-04-07 10:45:07.812145','COMPLETED',5,25,0,25,0,0,0,0,'COMPLETED','','2023-04-07 10:45:07.813253'),(86,7,'invoices',88,'2023-04-07 10:58:52.464388','2023-04-07 10:58:52.476988','2023-04-07 10:58:52.904261','COMPLETED',5,25,0,25,0,0,0,0,'COMPLETED','','2023-04-07 10:58:52.905400'),(87,7,'invoices',89,'2023-04-07 10:59:02.478644','2023-04-07 10:59:02.492600','2023-04-07 10:59:02.613847','COMPLETED',5,25,0,25,0,0,0,0,'COMPLETED','','2023-04-07 10:59:02.614877'),(88,7,'invoices',90,'2023-04-07 10:59:12.408309','2023-04-07 10:59:12.422664','2023-04-07 10:59:12.510427','COMPLETED',5,25,0,25,0,0,0,0,'COMPLETED','','2023-04-07 10:59:12.513276'),(89,7,'invoices',91,'2023-04-07 11:04:15.433451','2023-04-07 11:04:15.445547','2023-04-07 11:04:15.910251','COMPLETED',5,25,0,25,0,0,0,0,'COMPLETED','','2023-04-07 11:04:15.911506'),(90,7,'invoices',92,'2023-04-07 11:06:48.728519','2023-04-07 11:06:48.740848','2023-04-07 11:06:49.162144','COMPLETED',5,25,0,25,0,0,0,0,'COMPLETED','','2023-04-07 11:06:49.163427'),(91,7,'invoices',93,'2023-04-07 11:07:19.655218','2023-04-07 11:07:19.668285','2023-04-07 11:07:20.104754','COMPLETED',5,25,0,25,0,0,0,0,'COMPLETED','','2023-04-07 11:07:20.106003'),(92,7,'invoices',94,'2023-04-07 11:07:29.585981','2023-04-07 11:07:29.598970','2023-04-07 11:07:29.707869','COMPLETED',5,25,0,25,0,0,0,0,'COMPLETED','','2023-04-07 11:07:29.708686'),(93,7,'invoices',95,'2023-04-07 11:11:53.502340','2023-04-07 11:11:53.514121','2023-04-07 11:11:53.955018','COMPLETED',5,25,0,25,0,0,0,0,'COMPLETED','','2023-04-07 11:11:53.956271'),(94,7,'invoices',96,'2023-04-07 11:12:03.426938','2023-04-07 11:12:03.440648','2023-04-07 11:12:03.536628','COMPLETED',5,25,0,25,0,0,0,0,'COMPLETED','','2023-04-07 11:12:03.537419'),(95,7,'invoices',97,'2023-04-07 11:14:38.469596','2023-04-07 11:14:38.481642','2023-04-07 11:14:38.896678','COMPLETED',5,25,0,25,0,0,0,0,'COMPLETED','','2023-04-07 11:14:38.897890'),(96,3,'invoices',98,'2023-04-07 11:20:22.729014','2023-04-07 11:20:22.743106','2023-04-07 11:20:23.184956','COMPLETED',1,25,0,25,0,0,0,0,'COMPLETED','','2023-04-07 11:20:23.186560');
/*!40000 ALTER TABLE `BATCH_STEP_EXECUTION` ENABLE KEYS */;
UNLOCK TABLES;

--
-- Table structure for table `BATCH_STEP_EXECUTION_CONTEXT`
--

DROP TABLE IF EXISTS `BATCH_STEP_EXECUTION_CONTEXT`;
/*!40101 SET @saved_cs_client     = @@character_set_client */;
/*!50503 SET character_set_client = utf8mb4 */;
CREATE TABLE `BATCH_STEP_EXECUTION_CONTEXT` (
  `STEP_EXECUTION_ID` bigint NOT NULL,
  `SHORT_CONTEXT` varchar(2500) NOT NULL,
  `SERIALIZED_CONTEXT` text,
  PRIMARY KEY (`STEP_EXECUTION_ID`),
  CONSTRAINT `STEP_EXEC_CTX_FK` FOREIGN KEY (`STEP_EXECUTION_ID`) REFERENCES `BATCH_STEP_EXECUTION` (`STEP_EXECUTION_ID`)
) ENGINE=InnoDB DEFAULT CHARSET=utf8mb4 COLLATE=utf8mb4_0900_ai_ci;
/*!40101 SET character_set_client = @saved_cs_client */;

--
-- Dumping data for table `BATCH_STEP_EXECUTION_CONTEXT`
--

LOCK TABLES `BATCH_STEP_EXECUTION_CONTEXT` WRITE;
/*!40000 ALTER TABLE `BATCH_STEP_EXECUTION_CONTEXT` DISABLE KEYS */;
INSERT INTO `BATCH_STEP_EXECUTION_CONTEXT` VALUES (1,'rO0ABXNyABFqYXZhLnV0aWwuSGFzaE1hcAUH2sHDFmDRAwACRgAKbG9hZEZhY3RvckkACXRocmVzaG9sZHhwP0AAAAAAAAx3CAAAABAAAAAEdAAfUmVwb3NpdG9yeUl0ZW1SZWFkZXIucmVhZC5jb3VudHNyABFqYXZhLmxhbmcuSW50ZWdlchLioKT3gYc4AgABSQAFdmFsdWV4cgAQamF2YS5sYW5nLk51bWJlcoaslR0LlOCLAgAAeHAAAAAAdAARYmF0Y2gudGFza2xldFR5cGV0AD1vcmcuc3ByaW5nZnJhbWV3b3JrLmJhdGNoLmNvcmUuc3RlcC5pdGVtLkNodW5rT3JpZW50ZWRUYXNrbGV0dAANYmF0Y2gudmVyc2lvbnQABTUuMC4xdAAOYmF0Y2guc3RlcFR5cGV0ADdvcmcuc3ByaW5nZnJhbWV3b3JrLmJhdGNoLmNvcmUuc3RlcC50YXNrbGV0LlRhc2tsZXRTdGVweA==',NULL),(2,'rO0ABXNyABFqYXZhLnV0aWwuSGFzaE1hcAUH2sHDFmDRAwACRgAKbG9hZEZhY3RvckkACXRocmVzaG9sZHhwP0AAAAAAAAx3CAAAABAAAAAEdAAfUmVwb3NpdG9yeUl0ZW1SZWFkZXIucmVhZC5jb3VudHNyABFqYXZhLmxhbmcuSW50ZWdlchLioKT3gYc4AgABSQAFdmFsdWV4cgAQamF2YS5sYW5nLk51bWJlcoaslR0LlOCLAgAAeHAAAAAAdAARYmF0Y2gudGFza2xldFR5cGV0AD1vcmcuc3ByaW5nZnJhbWV3b3JrLmJhdGNoLmNvcmUuc3RlcC5pdGVtLkNodW5rT3JpZW50ZWRUYXNrbGV0dAANYmF0Y2gudmVyc2lvbnQABTUuMC4xdAAOYmF0Y2guc3RlcFR5cGV0ADdvcmcuc3ByaW5nZnJhbWV3b3JrLmJhdGNoLmNvcmUuc3RlcC50YXNrbGV0LlRhc2tsZXRTdGVweA==',NULL),(3,'rO0ABXNyABFqYXZhLnV0aWwuSGFzaE1hcAUH2sHDFmDRAwACRgAKbG9hZEZhY3RvckkACXRocmVzaG9sZHhwP0AAAAAAAAx3CAAAABAAAAAEdAAfUmVwb3NpdG9yeUl0ZW1SZWFkZXIucmVhZC5jb3VudHNyABFqYXZhLmxhbmcuSW50ZWdlchLioKT3gYc4AgABSQAFdmFsdWV4cgAQamF2YS5sYW5nLk51bWJlcoaslR0LlOCLAgAAeHAAAAAAdAARYmF0Y2gudGFza2xldFR5cGV0AD1vcmcuc3ByaW5nZnJhbWV3b3JrLmJhdGNoLmNvcmUuc3RlcC5pdGVtLkNodW5rT3JpZW50ZWRUYXNrbGV0dAANYmF0Y2gudmVyc2lvbnQABTUuMC4xdAAOYmF0Y2guc3RlcFR5cGV0ADdvcmcuc3ByaW5nZnJhbWV3b3JrLmJhdGNoLmNvcmUuc3RlcC50YXNrbGV0LlRhc2tsZXRTdGVweA==',NULL),(4,'rO0ABXNyABFqYXZhLnV0aWwuSGFzaE1hcAUH2sHDFmDRAwACRgAKbG9hZEZhY3RvckkACXRocmVzaG9sZHhwP0AAAAAAAAx3CAAAABAAAAAEdAAfUmVwb3NpdG9yeUl0ZW1SZWFkZXIucmVhZC5jb3VudHNyABFqYXZhLmxhbmcuSW50ZWdlchLioKT3gYc4AgABSQAFdmFsdWV4cgAQamF2YS5sYW5nLk51bWJlcoaslR0LlOCLAgAAeHAAAAAAdAARYmF0Y2gudGFza2xldFR5cGV0AD1vcmcuc3ByaW5nZnJhbWV3b3JrLmJhdGNoLmNvcmUuc3RlcC5pdGVtLkNodW5rT3JpZW50ZWRUYXNrbGV0dAANYmF0Y2gudmVyc2lvbnQABTUuMC4xdAAOYmF0Y2guc3RlcFR5cGV0ADdvcmcuc3ByaW5nZnJhbWV3b3JrLmJhdGNoLmNvcmUuc3RlcC50YXNrbGV0LlRhc2tsZXRTdGVweA==',NULL),(5,'rO0ABXNyABFqYXZhLnV0aWwuSGFzaE1hcAUH2sHDFmDRAwACRgAKbG9hZEZhY3RvckkACXRocmVzaG9sZHhwP0AAAAAAAAx3CAAAABAAAAAEdAAfUmVwb3NpdG9yeUl0ZW1SZWFkZXIucmVhZC5jb3VudHNyABFqYXZhLmxhbmcuSW50ZWdlchLioKT3gYc4AgABSQAFdmFsdWV4cgAQamF2YS5sYW5nLk51bWJlcoaslR0LlOCLAgAAeHAAAAAAdAARYmF0Y2gudGFza2xldFR5cGV0AD1vcmcuc3ByaW5nZnJhbWV3b3JrLmJhdGNoLmNvcmUuc3RlcC5pdGVtLkNodW5rT3JpZW50ZWRUYXNrbGV0dAANYmF0Y2gudmVyc2lvbnQABTUuMC4xdAAOYmF0Y2guc3RlcFR5cGV0ADdvcmcuc3ByaW5nZnJhbWV3b3JrLmJhdGNoLmNvcmUuc3RlcC50YXNrbGV0LlRhc2tsZXRTdGVweA==',NULL),(6,'rO0ABXNyABFqYXZhLnV0aWwuSGFzaE1hcAUH2sHDFmDRAwACRgAKbG9hZEZhY3RvckkACXRocmVzaG9sZHhwP0AAAAAAAAx3CAAAABAAAAAEdAAfUmVwb3NpdG9yeUl0ZW1SZWFkZXIucmVhZC5jb3VudHNyABFqYXZhLmxhbmcuSW50ZWdlchLioKT3gYc4AgABSQAFdmFsdWV4cgAQamF2YS5sYW5nLk51bWJlcoaslR0LlOCLAgAAeHAAAAAAdAARYmF0Y2gudGFza2xldFR5cGV0AD1vcmcuc3ByaW5nZnJhbWV3b3JrLmJhdGNoLmNvcmUuc3RlcC5pdGVtLkNodW5rT3JpZW50ZWRUYXNrbGV0dAANYmF0Y2gudmVyc2lvbnQABTUuMC4xdAAOYmF0Y2guc3RlcFR5cGV0ADdvcmcuc3ByaW5nZnJhbWV3b3JrLmJhdGNoLmNvcmUuc3RlcC50YXNrbGV0LlRhc2tsZXRTdGVweA==',NULL),(7,'rO0ABXNyABFqYXZhLnV0aWwuSGFzaE1hcAUH2sHDFmDRAwACRgAKbG9hZEZhY3RvckkACXRocmVzaG9sZHhwP0AAAAAAAAx3CAAAABAAAAAEdAAfUmVwb3NpdG9yeUl0ZW1SZWFkZXIucmVhZC5jb3VudHNyABFqYXZhLmxhbmcuSW50ZWdlchLioKT3gYc4AgABSQAFdmFsdWV4cgAQamF2YS5sYW5nLk51bWJlcoaslR0LlOCLAgAAeHAAAAAFdAARYmF0Y2gudGFza2xldFR5cGV0AD1vcmcuc3ByaW5nZnJhbWV3b3JrLmJhdGNoLmNvcmUuc3RlcC5pdGVtLkNodW5rT3JpZW50ZWRUYXNrbGV0dAANYmF0Y2gudmVyc2lvbnQABTUuMC4xdAAOYmF0Y2guc3RlcFR5cGV0ADdvcmcuc3ByaW5nZnJhbWV3b3JrLmJhdGNoLmNvcmUuc3RlcC50YXNrbGV0LlRhc2tsZXRTdGVweA==',NULL),(8,'rO0ABXNyABFqYXZhLnV0aWwuSGFzaE1hcAUH2sHDFmDRAwACRgAKbG9hZEZhY3RvckkACXRocmVzaG9sZHhwP0AAAAAAAAx3CAAAABAAAAAEdAAfUmVwb3NpdG9yeUl0ZW1SZWFkZXIucmVhZC5jb3VudHNyABFqYXZhLmxhbmcuSW50ZWdlchLioKT3gYc4AgABSQAFdmFsdWV4cgAQamF2YS5sYW5nLk51bWJlcoaslR0LlOCLAgAAeHAAAAAFdAARYmF0Y2gudGFza2xldFR5cGV0AD1vcmcuc3ByaW5nZnJhbWV3b3JrLmJhdGNoLmNvcmUuc3RlcC5pdGVtLkNodW5rT3JpZW50ZWRUYXNrbGV0dAANYmF0Y2gudmVyc2lvbnQABTUuMC4xdAAOYmF0Y2guc3RlcFR5cGV0ADdvcmcuc3ByaW5nZnJhbWV3b3JrLmJhdGNoLmNvcmUuc3RlcC50YXNrbGV0LlRhc2tsZXRTdGVweA==',NULL),(9,'rO0ABXNyABFqYXZhLnV0aWwuSGFzaE1hcAUH2sHDFmDRAwACRgAKbG9hZEZhY3RvckkACXRocmVzaG9sZHhwP0AAAAAAAAx3CAAAABAAAAAEdAAfUmVwb3NpdG9yeUl0ZW1SZWFkZXIucmVhZC5jb3VudHNyABFqYXZhLmxhbmcuSW50ZWdlchLioKT3gYc4AgABSQAFdmFsdWV4cgAQamF2YS5sYW5nLk51bWJlcoaslR0LlOCLAgAAeHAAAAAFdAARYmF0Y2gudGFza2xldFR5cGV0AD1vcmcuc3ByaW5nZnJhbWV3b3JrLmJhdGNoLmNvcmUuc3RlcC5pdGVtLkNodW5rT3JpZW50ZWRUYXNrbGV0dAANYmF0Y2gudmVyc2lvbnQABTUuMC4xdAAOYmF0Y2guc3RlcFR5cGV0ADdvcmcuc3ByaW5nZnJhbWV3b3JrLmJhdGNoLmNvcmUuc3RlcC50YXNrbGV0LlRhc2tsZXRTdGVweA==',NULL),(10,'rO0ABXNyABFqYXZhLnV0aWwuSGFzaE1hcAUH2sHDFmDRAwACRgAKbG9hZEZhY3RvckkACXRocmVzaG9sZHhwP0AAAAAAAAx3CAAAABAAAAAEdAAfUmVwb3NpdG9yeUl0ZW1SZWFkZXIucmVhZC5jb3VudHNyABFqYXZhLmxhbmcuSW50ZWdlchLioKT3gYc4AgABSQAFdmFsdWV4cgAQamF2YS5sYW5nLk51bWJlcoaslR0LlOCLAgAAeHAAAAAFdAARYmF0Y2gudGFza2xldFR5cGV0AD1vcmcuc3ByaW5nZnJhbWV3b3JrLmJhdGNoLmNvcmUuc3RlcC5pdGVtLkNodW5rT3JpZW50ZWRUYXNrbGV0dAANYmF0Y2gudmVyc2lvbnQABTUuMC4xdAAOYmF0Y2guc3RlcFR5cGV0ADdvcmcuc3ByaW5nZnJhbWV3b3JrLmJhdGNoLmNvcmUuc3RlcC50YXNrbGV0LlRhc2tsZXRTdGVweA==',NULL),(11,'rO0ABXNyABFqYXZhLnV0aWwuSGFzaE1hcAUH2sHDFmDRAwACRgAKbG9hZEZhY3RvckkACXRocmVzaG9sZHhwP0AAAAAAAAx3CAAAABAAAAAEdAAfUmVwb3NpdG9yeUl0ZW1SZWFkZXIucmVhZC5jb3VudHNyABFqYXZhLmxhbmcuSW50ZWdlchLioKT3gYc4AgABSQAFdmFsdWV4cgAQamF2YS5sYW5nLk51bWJlcoaslR0LlOCLAgAAeHAAAAAAdAARYmF0Y2gudGFza2xldFR5cGV0AD1vcmcuc3ByaW5nZnJhbWV3b3JrLmJhdGNoLmNvcmUuc3RlcC5pdGVtLkNodW5rT3JpZW50ZWRUYXNrbGV0dAANYmF0Y2gudmVyc2lvbnQABTUuMC4xdAAOYmF0Y2guc3RlcFR5cGV0ADdvcmcuc3ByaW5nZnJhbWV3b3JrLmJhdGNoLmNvcmUuc3RlcC50YXNrbGV0LlRhc2tsZXRTdGVweA==',NULL),(12,'rO0ABXNyABFqYXZhLnV0aWwuSGFzaE1hcAUH2sHDFmDRAwACRgAKbG9hZEZhY3RvckkACXRocmVzaG9sZHhwP0AAAAAAAAx3CAAAABAAAAAEdAAfUmVwb3NpdG9yeUl0ZW1SZWFkZXIucmVhZC5jb3VudHNyABFqYXZhLmxhbmcuSW50ZWdlchLioKT3gYc4AgABSQAFdmFsdWV4cgAQamF2YS5sYW5nLk51bWJlcoaslR0LlOCLAgAAeHAAAAAFdAARYmF0Y2gudGFza2xldFR5cGV0AD1vcmcuc3ByaW5nZnJhbWV3b3JrLmJhdGNoLmNvcmUuc3RlcC5pdGVtLkNodW5rT3JpZW50ZWRUYXNrbGV0dAANYmF0Y2gudmVyc2lvbnQABTUuMC4xdAAOYmF0Y2guc3RlcFR5cGV0ADdvcmcuc3ByaW5nZnJhbWV3b3JrLmJhdGNoLmNvcmUuc3RlcC50YXNrbGV0LlRhc2tsZXRTdGVweA==',NULL),(13,'rO0ABXNyABFqYXZhLnV0aWwuSGFzaE1hcAUH2sHDFmDRAwACRgAKbG9hZEZhY3RvckkACXRocmVzaG9sZHhwP0AAAAAAAAx3CAAAABAAAAAEdAAfUmVwb3NpdG9yeUl0ZW1SZWFkZXIucmVhZC5jb3VudHNyABFqYXZhLmxhbmcuSW50ZWdlchLioKT3gYc4AgABSQAFdmFsdWV4cgAQamF2YS5sYW5nLk51bWJlcoaslR0LlOCLAgAAeHAAAAAEdAARYmF0Y2gudGFza2xldFR5cGV0AD1vcmcuc3ByaW5nZnJhbWV3b3JrLmJhdGNoLmNvcmUuc3RlcC5pdGVtLkNodW5rT3JpZW50ZWRUYXNrbGV0dAANYmF0Y2gudmVyc2lvbnQABTUuMC4xdAAOYmF0Y2guc3RlcFR5cGV0ADdvcmcuc3ByaW5nZnJhbWV3b3JrLmJhdGNoLmNvcmUuc3RlcC50YXNrbGV0LlRhc2tsZXRTdGVweA==',NULL),(14,'rO0ABXNyABFqYXZhLnV0aWwuSGFzaE1hcAUH2sHDFmDRAwACRgAKbG9hZEZhY3RvckkACXRocmVzaG9sZHhwP0AAAAAAAAx3CAAAABAAAAAEdAAfUmVwb3NpdG9yeUl0ZW1SZWFkZXIucmVhZC5jb3VudHNyABFqYXZhLmxhbmcuSW50ZWdlchLioKT3gYc4AgABSQAFdmFsdWV4cgAQamF2YS5sYW5nLk51bWJlcoaslR0LlOCLAgAAeHAAAAAEdAARYmF0Y2gudGFza2xldFR5cGV0AD1vcmcuc3ByaW5nZnJhbWV3b3JrLmJhdGNoLmNvcmUuc3RlcC5pdGVtLkNodW5rT3JpZW50ZWRUYXNrbGV0dAANYmF0Y2gudmVyc2lvbnQABTUuMC4xdAAOYmF0Y2guc3RlcFR5cGV0ADdvcmcuc3ByaW5nZnJhbWV3b3JrLmJhdGNoLmNvcmUuc3RlcC50YXNrbGV0LlRhc2tsZXRTdGVweA==',NULL),(15,'rO0ABXNyABFqYXZhLnV0aWwuSGFzaE1hcAUH2sHDFmDRAwACRgAKbG9hZEZhY3RvckkACXRocmVzaG9sZHhwP0AAAAAAAAx3CAAAABAAAAAEdAAfUmVwb3NpdG9yeUl0ZW1SZWFkZXIucmVhZC5jb3VudHNyABFqYXZhLmxhbmcuSW50ZWdlchLioKT3gYc4AgABSQAFdmFsdWV4cgAQamF2YS5sYW5nLk51bWJlcoaslR0LlOCLAgAAeHAAAAAFdAARYmF0Y2gudGFza2xldFR5cGV0AD1vcmcuc3ByaW5nZnJhbWV3b3JrLmJhdGNoLmNvcmUuc3RlcC5pdGVtLkNodW5rT3JpZW50ZWRUYXNrbGV0dAANYmF0Y2gudmVyc2lvbnQABTUuMC4xdAAOYmF0Y2guc3RlcFR5cGV0ADdvcmcuc3ByaW5nZnJhbWV3b3JrLmJhdGNoLmNvcmUuc3RlcC50YXNrbGV0LlRhc2tsZXRTdGVweA==',NULL),(16,'rO0ABXNyABFqYXZhLnV0aWwuSGFzaE1hcAUH2sHDFmDRAwACRgAKbG9hZEZhY3RvckkACXRocmVzaG9sZHhwP0AAAAAAAAx3CAAAABAAAAAEdAAfUmVwb3NpdG9yeUl0ZW1SZWFkZXIucmVhZC5jb3VudHNyABFqYXZhLmxhbmcuSW50ZWdlchLioKT3gYc4AgABSQAFdmFsdWV4cgAQamF2YS5sYW5nLk51bWJlcoaslR0LlOCLAgAAeHAAAAAFdAARYmF0Y2gudGFza2xldFR5cGV0AD1vcmcuc3ByaW5nZnJhbWV3b3JrLmJhdGNoLmNvcmUuc3RlcC5pdGVtLkNodW5rT3JpZW50ZWRUYXNrbGV0dAANYmF0Y2gudmVyc2lvbnQABTUuMC4xdAAOYmF0Y2guc3RlcFR5cGV0ADdvcmcuc3ByaW5nZnJhbWV3b3JrLmJhdGNoLmNvcmUuc3RlcC50YXNrbGV0LlRhc2tsZXRTdGVweA==',NULL),(17,'rO0ABXNyABFqYXZhLnV0aWwuSGFzaE1hcAUH2sHDFmDRAwACRgAKbG9hZEZhY3RvckkACXRocmVzaG9sZHhwP0AAAAAAAAx3CAAAABAAAAAEdAAfUmVwb3NpdG9yeUl0ZW1SZWFkZXIucmVhZC5jb3VudHNyABFqYXZhLmxhbmcuSW50ZWdlchLioKT3gYc4AgABSQAFdmFsdWV4cgAQamF2YS5sYW5nLk51bWJlcoaslR0LlOCLAgAAeHAAAAAFdAARYmF0Y2gudGFza2xldFR5cGV0AD1vcmcuc3ByaW5nZnJhbWV3b3JrLmJhdGNoLmNvcmUuc3RlcC5pdGVtLkNodW5rT3JpZW50ZWRUYXNrbGV0dAANYmF0Y2gudmVyc2lvbnQABTUuMC4xdAAOYmF0Y2guc3RlcFR5cGV0ADdvcmcuc3ByaW5nZnJhbWV3b3JrLmJhdGNoLmNvcmUuc3RlcC50YXNrbGV0LlRhc2tsZXRTdGVweA==',NULL),(18,'rO0ABXNyABFqYXZhLnV0aWwuSGFzaE1hcAUH2sHDFmDRAwACRgAKbG9hZEZhY3RvckkACXRocmVzaG9sZHhwP0AAAAAAAAx3CAAAABAAAAAEdAAfUmVwb3NpdG9yeUl0ZW1SZWFkZXIucmVhZC5jb3VudHNyABFqYXZhLmxhbmcuSW50ZWdlchLioKT3gYc4AgABSQAFdmFsdWV4cgAQamF2YS5sYW5nLk51bWJlcoaslR0LlOCLAgAAeHAAAAAFdAARYmF0Y2gudGFza2xldFR5cGV0AD1vcmcuc3ByaW5nZnJhbWV3b3JrLmJhdGNoLmNvcmUuc3RlcC5pdGVtLkNodW5rT3JpZW50ZWRUYXNrbGV0dAANYmF0Y2gudmVyc2lvbnQABTUuMC4xdAAOYmF0Y2guc3RlcFR5cGV0ADdvcmcuc3ByaW5nZnJhbWV3b3JrLmJhdGNoLmNvcmUuc3RlcC50YXNrbGV0LlRhc2tsZXRTdGVweA==',NULL),(19,'rO0ABXNyABFqYXZhLnV0aWwuSGFzaE1hcAUH2sHDFmDRAwACRgAKbG9hZEZhY3RvckkACXRocmVzaG9sZHhwP0AAAAAAAAx3CAAAABAAAAAEdAAfUmVwb3NpdG9yeUl0ZW1SZWFkZXIucmVhZC5jb3VudHNyABFqYXZhLmxhbmcuSW50ZWdlchLioKT3gYc4AgABSQAFdmFsdWV4cgAQamF2YS5sYW5nLk51bWJlcoaslR0LlOCLAgAAeHAAAAAFdAARYmF0Y2gudGFza2xldFR5cGV0AD1vcmcuc3ByaW5nZnJhbWV3b3JrLmJhdGNoLmNvcmUuc3RlcC5pdGVtLkNodW5rT3JpZW50ZWRUYXNrbGV0dAANYmF0Y2gudmVyc2lvbnQABTUuMC4xdAAOYmF0Y2guc3RlcFR5cGV0ADdvcmcuc3ByaW5nZnJhbWV3b3JrLmJhdGNoLmNvcmUuc3RlcC50YXNrbGV0LlRhc2tsZXRTdGVweA==',NULL),(20,'rO0ABXNyABFqYXZhLnV0aWwuSGFzaE1hcAUH2sHDFmDRAwACRgAKbG9hZEZhY3RvckkACXRocmVzaG9sZHhwP0AAAAAAAAx3CAAAABAAAAAEdAAfUmVwb3NpdG9yeUl0ZW1SZWFkZXIucmVhZC5jb3VudHNyABFqYXZhLmxhbmcuSW50ZWdlchLioKT3gYc4AgABSQAFdmFsdWV4cgAQamF2YS5sYW5nLk51bWJlcoaslR0LlOCLAgAAeHAAAAAFdAARYmF0Y2gudGFza2xldFR5cGV0AD1vcmcuc3ByaW5nZnJhbWV3b3JrLmJhdGNoLmNvcmUuc3RlcC5pdGVtLkNodW5rT3JpZW50ZWRUYXNrbGV0dAANYmF0Y2gudmVyc2lvbnQABTUuMC4xdAAOYmF0Y2guc3RlcFR5cGV0ADdvcmcuc3ByaW5nZnJhbWV3b3JrLmJhdGNoLmNvcmUuc3RlcC50YXNrbGV0LlRhc2tsZXRTdGVweA==',NULL),(21,'rO0ABXNyABFqYXZhLnV0aWwuSGFzaE1hcAUH2sHDFmDRAwACRgAKbG9hZEZhY3RvckkACXRocmVzaG9sZHhwP0AAAAAAAAx3CAAAABAAAAAEdAAfUmVwb3NpdG9yeUl0ZW1SZWFkZXIucmVhZC5jb3VudHNyABFqYXZhLmxhbmcuSW50ZWdlchLioKT3gYc4AgABSQAFdmFsdWV4cgAQamF2YS5sYW5nLk51bWJlcoaslR0LlOCLAgAAeHAAAAAGdAARYmF0Y2gudGFza2xldFR5cGV0AD1vcmcuc3ByaW5nZnJhbWV3b3JrLmJhdGNoLmNvcmUuc3RlcC5pdGVtLkNodW5rT3JpZW50ZWRUYXNrbGV0dAANYmF0Y2gudmVyc2lvbnQABTUuMC4xdAAOYmF0Y2guc3RlcFR5cGV0ADdvcmcuc3ByaW5nZnJhbWV3b3JrLmJhdGNoLmNvcmUuc3RlcC50YXNrbGV0LlRhc2tsZXRTdGVweA==',NULL),(22,'rO0ABXNyABFqYXZhLnV0aWwuSGFzaE1hcAUH2sHDFmDRAwACRgAKbG9hZEZhY3RvckkACXRocmVzaG9sZHhwP0AAAAAAAAx3CAAAABAAAAAEdAAfUmVwb3NpdG9yeUl0ZW1SZWFkZXIucmVhZC5jb3VudHNyABFqYXZhLmxhbmcuSW50ZWdlchLioKT3gYc4AgABSQAFdmFsdWV4cgAQamF2YS5sYW5nLk51bWJlcoaslR0LlOCLAgAAeHAAAAAOdAARYmF0Y2gudGFza2xldFR5cGV0AD1vcmcuc3ByaW5nZnJhbWV3b3JrLmJhdGNoLmNvcmUuc3RlcC5pdGVtLkNodW5rT3JpZW50ZWRUYXNrbGV0dAANYmF0Y2gudmVyc2lvbnQABTUuMC4xdAAOYmF0Y2guc3RlcFR5cGV0ADdvcmcuc3ByaW5nZnJhbWV3b3JrLmJhdGNoLmNvcmUuc3RlcC50YXNrbGV0LlRhc2tsZXRTdGVweA==',NULL),(23,'rO0ABXNyABFqYXZhLnV0aWwuSGFzaE1hcAUH2sHDFmDRAwACRgAKbG9hZEZhY3RvckkACXRocmVzaG9sZHhwP0AAAAAAAAx3CAAAABAAAAAEdAAfUmVwb3NpdG9yeUl0ZW1SZWFkZXIucmVhZC5jb3VudHNyABFqYXZhLmxhbmcuSW50ZWdlchLioKT3gYc4AgABSQAFdmFsdWV4cgAQamF2YS5sYW5nLk51bWJlcoaslR0LlOCLAgAAeHAAAAAcdAARYmF0Y2gudGFza2xldFR5cGV0AD1vcmcuc3ByaW5nZnJhbWV3b3JrLmJhdGNoLmNvcmUuc3RlcC5pdGVtLkNodW5rT3JpZW50ZWRUYXNrbGV0dAANYmF0Y2gudmVyc2lvbnQABTUuMC4xdAAOYmF0Y2guc3RlcFR5cGV0ADdvcmcuc3ByaW5nZnJhbWV3b3JrLmJhdGNoLmNvcmUuc3RlcC50YXNrbGV0LlRhc2tsZXRTdGVweA==',NULL),(24,'rO0ABXNyABFqYXZhLnV0aWwuSGFzaE1hcAUH2sHDFmDRAwACRgAKbG9hZEZhY3RvckkACXRocmVzaG9sZHhwP0AAAAAAAAx3CAAAABAAAAAEdAAfUmVwb3NpdG9yeUl0ZW1SZWFkZXIucmVhZC5jb3VudHNyABFqYXZhLmxhbmcuSW50ZWdlchLioKT3gYc4AgABSQAFdmFsdWV4cgAQamF2YS5sYW5nLk51bWJlcoaslR0LlOCLAgAAeHAAAAAcdAARYmF0Y2gudGFza2xldFR5cGV0AD1vcmcuc3ByaW5nZnJhbWV3b3JrLmJhdGNoLmNvcmUuc3RlcC5pdGVtLkNodW5rT3JpZW50ZWRUYXNrbGV0dAANYmF0Y2gudmVyc2lvbnQABTUuMC4xdAAOYmF0Y2guc3RlcFR5cGV0ADdvcmcuc3ByaW5nZnJhbWV3b3JrLmJhdGNoLmNvcmUuc3RlcC50YXNrbGV0LlRhc2tsZXRTdGVweA==',NULL),(25,'rO0ABXNyABFqYXZhLnV0aWwuSGFzaE1hcAUH2sHDFmDRAwACRgAKbG9hZEZhY3RvckkACXRocmVzaG9sZHhwP0AAAAAAAAx3CAAAABAAAAAEdAAfUmVwb3NpdG9yeUl0ZW1SZWFkZXIucmVhZC5jb3VudHNyABFqYXZhLmxhbmcuSW50ZWdlchLioKT3gYc4AgABSQAFdmFsdWV4cgAQamF2YS5sYW5nLk51bWJlcoaslR0LlOCLAgAAeHAAAAAddAARYmF0Y2gudGFza2xldFR5cGV0AD1vcmcuc3ByaW5nZnJhbWV3b3JrLmJhdGNoLmNvcmUuc3RlcC5pdGVtLkNodW5rT3JpZW50ZWRUYXNrbGV0dAANYmF0Y2gudmVyc2lvbnQABTUuMC4xdAAOYmF0Y2guc3RlcFR5cGV0ADdvcmcuc3ByaW5nZnJhbWV3b3JrLmJhdGNoLmNvcmUuc3RlcC50YXNrbGV0LlRhc2tsZXRTdGVweA==',NULL),(26,'rO0ABXNyABFqYXZhLnV0aWwuSGFzaE1hcAUH2sHDFmDRAwACRgAKbG9hZEZhY3RvckkACXRocmVzaG9sZHhwP0AAAAAAAAx3CAAAABAAAAAEdAAfUmVwb3NpdG9yeUl0ZW1SZWFkZXIucmVhZC5jb3VudHNyABFqYXZhLmxhbmcuSW50ZWdlchLioKT3gYc4AgABSQAFdmFsdWV4cgAQamF2YS5sYW5nLk51bWJlcoaslR0LlOCLAgAAeHAAAAAedAARYmF0Y2gudGFza2xldFR5cGV0AD1vcmcuc3ByaW5nZnJhbWV3b3JrLmJhdGNoLmNvcmUuc3RlcC5pdGVtLkNodW5rT3JpZW50ZWRUYXNrbGV0dAANYmF0Y2gudmVyc2lvbnQABTUuMC4xdAAOYmF0Y2guc3RlcFR5cGV0ADdvcmcuc3ByaW5nZnJhbWV3b3JrLmJhdGNoLmNvcmUuc3RlcC50YXNrbGV0LlRhc2tsZXRTdGVweA==',NULL),(27,'rO0ABXNyABFqYXZhLnV0aWwuSGFzaE1hcAUH2sHDFmDRAwACRgAKbG9hZEZhY3RvckkACXRocmVzaG9sZHhwP0AAAAAAAAx3CAAAABAAAAAEdAAfUmVwb3NpdG9yeUl0ZW1SZWFkZXIucmVhZC5jb3VudHNyABFqYXZhLmxhbmcuSW50ZWdlchLioKT3gYc4AgABSQAFdmFsdWV4cgAQamF2YS5sYW5nLk51bWJlcoaslR0LlOCLAgAAeHAAAAAbdAARYmF0Y2gudGFza2xldFR5cGV0AD1vcmcuc3ByaW5nZnJhbWV3b3JrLmJhdGNoLmNvcmUuc3RlcC5pdGVtLkNodW5rT3JpZW50ZWRUYXNrbGV0dAANYmF0Y2gudmVyc2lvbnQABTUuMC4xdAAOYmF0Y2guc3RlcFR5cGV0ADdvcmcuc3ByaW5nZnJhbWV3b3JrLmJhdGNoLmNvcmUuc3RlcC50YXNrbGV0LlRhc2tsZXRTdGVweA==',NULL),(28,'rO0ABXNyABFqYXZhLnV0aWwuSGFzaE1hcAUH2sHDFmDRAwACRgAKbG9hZEZhY3RvckkACXRocmVzaG9sZHhwP0AAAAAAAAx3CAAAABAAAAAEdAAfUmVwb3NpdG9yeUl0ZW1SZWFkZXIucmVhZC5jb3VudHNyABFqYXZhLmxhbmcuSW50ZWdlchLioKT3gYc4AgABSQAFdmFsdWV4cgAQamF2YS5sYW5nLk51bWJlcoaslR0LlOCLAgAAeHAAAAAYdAARYmF0Y2gudGFza2xldFR5cGV0AD1vcmcuc3ByaW5nZnJhbWV3b3JrLmJhdGNoLmNvcmUuc3RlcC5pdGVtLkNodW5rT3JpZW50ZWRUYXNrbGV0dAANYmF0Y2gudmVyc2lvbnQABTUuMC4xdAAOYmF0Y2guc3RlcFR5cGV0ADdvcmcuc3ByaW5nZnJhbWV3b3JrLmJhdGNoLmNvcmUuc3RlcC50YXNrbGV0LlRhc2tsZXRTdGVweA==',NULL),(29,'rO0ABXNyABFqYXZhLnV0aWwuSGFzaE1hcAUH2sHDFmDRAwACRgAKbG9hZEZhY3RvckkACXRocmVzaG9sZHhwP0AAAAAAAAx3CAAAABAAAAAEdAAfUmVwb3NpdG9yeUl0ZW1SZWFkZXIucmVhZC5jb3VudHNyABFqYXZhLmxhbmcuSW50ZWdlchLioKT3gYc4AgABSQAFdmFsdWV4cgAQamF2YS5sYW5nLk51bWJlcoaslR0LlOCLAgAAeHAAAAAddAARYmF0Y2gudGFza2xldFR5cGV0AD1vcmcuc3ByaW5nZnJhbWV3b3JrLmJhdGNoLmNvcmUuc3RlcC5pdGVtLkNodW5rT3JpZW50ZWRUYXNrbGV0dAANYmF0Y2gudmVyc2lvbnQABTUuMC4xdAAOYmF0Y2guc3RlcFR5cGV0ADdvcmcuc3ByaW5nZnJhbWV3b3JrLmJhdGNoLmNvcmUuc3RlcC50YXNrbGV0LlRhc2tsZXRTdGVweA==',NULL),(30,'rO0ABXNyABFqYXZhLnV0aWwuSGFzaE1hcAUH2sHDFmDRAwACRgAKbG9hZEZhY3RvckkACXRocmVzaG9sZHhwP0AAAAAAAAx3CAAAABAAAAAEdAAfUmVwb3NpdG9yeUl0ZW1SZWFkZXIucmVhZC5jb3VudHNyABFqYXZhLmxhbmcuSW50ZWdlchLioKT3gYc4AgABSQAFdmFsdWV4cgAQamF2YS5sYW5nLk51bWJlcoaslR0LlOCLAgAAeHAAAAAddAARYmF0Y2gudGFza2xldFR5cGV0AD1vcmcuc3ByaW5nZnJhbWV3b3JrLmJhdGNoLmNvcmUuc3RlcC5pdGVtLkNodW5rT3JpZW50ZWRUYXNrbGV0dAANYmF0Y2gudmVyc2lvbnQABTUuMC4xdAAOYmF0Y2guc3RlcFR5cGV0ADdvcmcuc3ByaW5nZnJhbWV3b3JrLmJhdGNoLmNvcmUuc3RlcC50YXNrbGV0LlRhc2tsZXRTdGVweA==',NULL),(31,'rO0ABXNyABFqYXZhLnV0aWwuSGFzaE1hcAUH2sHDFmDRAwACRgAKbG9hZEZhY3RvckkACXRocmVzaG9sZHhwP0AAAAAAAAx3CAAAABAAAAAEdAAfUmVwb3NpdG9yeUl0ZW1SZWFkZXIucmVhZC5jb3VudHNyABFqYXZhLmxhbmcuSW50ZWdlchLioKT3gYc4AgABSQAFdmFsdWV4cgAQamF2YS5sYW5nLk51bWJlcoaslR0LlOCLAgAAeHAAAAAbdAARYmF0Y2gudGFza2xldFR5cGV0AD1vcmcuc3ByaW5nZnJhbWV3b3JrLmJhdGNoLmNvcmUuc3RlcC5pdGVtLkNodW5rT3JpZW50ZWRUYXNrbGV0dAANYmF0Y2gudmVyc2lvbnQABTUuMC4xdAAOYmF0Y2guc3RlcFR5cGV0ADdvcmcuc3ByaW5nZnJhbWV3b3JrLmJhdGNoLmNvcmUuc3RlcC50YXNrbGV0LlRhc2tsZXRTdGVweA==',NULL),(32,'rO0ABXNyABFqYXZhLnV0aWwuSGFzaE1hcAUH2sHDFmDRAwACRgAKbG9hZEZhY3RvckkACXRocmVzaG9sZHhwP0AAAAAAAAx3CAAAABAAAAAEdAAfUmVwb3NpdG9yeUl0ZW1SZWFkZXIucmVhZC5jb3VudHNyABFqYXZhLmxhbmcuSW50ZWdlchLioKT3gYc4AgABSQAFdmFsdWV4cgAQamF2YS5sYW5nLk51bWJlcoaslR0LlOCLAgAAeHAAAAAcdAARYmF0Y2gudGFza2xldFR5cGV0AD1vcmcuc3ByaW5nZnJhbWV3b3JrLmJhdGNoLmNvcmUuc3RlcC5pdGVtLkNodW5rT3JpZW50ZWRUYXNrbGV0dAANYmF0Y2gudmVyc2lvbnQABTUuMC4xdAAOYmF0Y2guc3RlcFR5cGV0ADdvcmcuc3ByaW5nZnJhbWV3b3JrLmJhdGNoLmNvcmUuc3RlcC50YXNrbGV0LlRhc2tsZXRTdGVweA==',NULL),(33,'rO0ABXNyABFqYXZhLnV0aWwuSGFzaE1hcAUH2sHDFmDRAwACRgAKbG9hZEZhY3RvckkACXRocmVzaG9sZHhwP0AAAAAAAAx3CAAAABAAAAAEdAAfUmVwb3NpdG9yeUl0ZW1SZWFkZXIucmVhZC5jb3VudHNyABFqYXZhLmxhbmcuSW50ZWdlchLioKT3gYc4AgABSQAFdmFsdWV4cgAQamF2YS5sYW5nLk51bWJlcoaslR0LlOCLAgAAeHAAAAAbdAARYmF0Y2gudGFza2xldFR5cGV0AD1vcmcuc3ByaW5nZnJhbWV3b3JrLmJhdGNoLmNvcmUuc3RlcC5pdGVtLkNodW5rT3JpZW50ZWRUYXNrbGV0dAANYmF0Y2gudmVyc2lvbnQABTUuMC4xdAAOYmF0Y2guc3RlcFR5cGV0ADdvcmcuc3ByaW5nZnJhbWV3b3JrLmJhdGNoLmNvcmUuc3RlcC50YXNrbGV0LlRhc2tsZXRTdGVweA==',NULL),(34,'rO0ABXNyABFqYXZhLnV0aWwuSGFzaE1hcAUH2sHDFmDRAwACRgAKbG9hZEZhY3RvckkACXRocmVzaG9sZHhwP0AAAAAAAAx3CAAAABAAAAAEdAAfUmVwb3NpdG9yeUl0ZW1SZWFkZXIucmVhZC5jb3VudHNyABFqYXZhLmxhbmcuSW50ZWdlchLioKT3gYc4AgABSQAFdmFsdWV4cgAQamF2YS5sYW5nLk51bWJlcoaslR0LlOCLAgAAeHAAAAAcdAARYmF0Y2gudGFza2xldFR5cGV0AD1vcmcuc3ByaW5nZnJhbWV3b3JrLmJhdGNoLmNvcmUuc3RlcC5pdGVtLkNodW5rT3JpZW50ZWRUYXNrbGV0dAANYmF0Y2gudmVyc2lvbnQABTUuMC4xdAAOYmF0Y2guc3RlcFR5cGV0ADdvcmcuc3ByaW5nZnJhbWV3b3JrLmJhdGNoLmNvcmUuc3RlcC50YXNrbGV0LlRhc2tsZXRTdGVweA==',NULL),(35,'rO0ABXNyABFqYXZhLnV0aWwuSGFzaE1hcAUH2sHDFmDRAwACRgAKbG9hZEZhY3RvckkACXRocmVzaG9sZHhwP0AAAAAAAAx3CAAAABAAAAAEdAAfUmVwb3NpdG9yeUl0ZW1SZWFkZXIucmVhZC5jb3VudHNyABFqYXZhLmxhbmcuSW50ZWdlchLioKT3gYc4AgABSQAFdmFsdWV4cgAQamF2YS5sYW5nLk51bWJlcoaslR0LlOCLAgAAeHAAAAAadAARYmF0Y2gudGFza2xldFR5cGV0AD1vcmcuc3ByaW5nZnJhbWV3b3JrLmJhdGNoLmNvcmUuc3RlcC5pdGVtLkNodW5rT3JpZW50ZWRUYXNrbGV0dAANYmF0Y2gudmVyc2lvbnQABTUuMC4xdAAOYmF0Y2guc3RlcFR5cGV0ADdvcmcuc3ByaW5nZnJhbWV3b3JrLmJhdGNoLmNvcmUuc3RlcC50YXNrbGV0LlRhc2tsZXRTdGVweA==',NULL),(36,'rO0ABXNyABFqYXZhLnV0aWwuSGFzaE1hcAUH2sHDFmDRAwACRgAKbG9hZEZhY3RvckkACXRocmVzaG9sZHhwP0AAAAAAAAx3CAAAABAAAAAEdAAfUmVwb3NpdG9yeUl0ZW1SZWFkZXIucmVhZC5jb3VudHNyABFqYXZhLmxhbmcuSW50ZWdlchLioKT3gYc4AgABSQAFdmFsdWV4cgAQamF2YS5sYW5nLk51bWJlcoaslR0LlOCLAgAAeHAAAAAcdAARYmF0Y2gudGFza2xldFR5cGV0AD1vcmcuc3ByaW5nZnJhbWV3b3JrLmJhdGNoLmNvcmUuc3RlcC5pdGVtLkNodW5rT3JpZW50ZWRUYXNrbGV0dAANYmF0Y2gudmVyc2lvbnQABTUuMC4xdAAOYmF0Y2guc3RlcFR5cGV0ADdvcmcuc3ByaW5nZnJhbWV3b3JrLmJhdGNoLmNvcmUuc3RlcC50YXNrbGV0LlRhc2tsZXRTdGVweA==',NULL),(37,'rO0ABXNyABFqYXZhLnV0aWwuSGFzaE1hcAUH2sHDFmDRAwACRgAKbG9hZEZhY3RvckkACXRocmVzaG9sZHhwP0AAAAAAAAx3CAAAABAAAAAEdAAfUmVwb3NpdG9yeUl0ZW1SZWFkZXIucmVhZC5jb3VudHNyABFqYXZhLmxhbmcuSW50ZWdlchLioKT3gYc4AgABSQAFdmFsdWV4cgAQamF2YS5sYW5nLk51bWJlcoaslR0LlOCLAgAAeHAAAAAbdAARYmF0Y2gudGFza2xldFR5cGV0AD1vcmcuc3ByaW5nZnJhbWV3b3JrLmJhdGNoLmNvcmUuc3RlcC5pdGVtLkNodW5rT3JpZW50ZWRUYXNrbGV0dAANYmF0Y2gudmVyc2lvbnQABTUuMC4xdAAOYmF0Y2guc3RlcFR5cGV0ADdvcmcuc3ByaW5nZnJhbWV3b3JrLmJhdGNoLmNvcmUuc3RlcC50YXNrbGV0LlRhc2tsZXRTdGVweA==',NULL),(38,'rO0ABXNyABFqYXZhLnV0aWwuSGFzaE1hcAUH2sHDFmDRAwACRgAKbG9hZEZhY3RvckkACXRocmVzaG9sZHhwP0AAAAAAAAx3CAAAABAAAAAEdAAfUmVwb3NpdG9yeUl0ZW1SZWFkZXIucmVhZC5jb3VudHNyABFqYXZhLmxhbmcuSW50ZWdlchLioKT3gYc4AgABSQAFdmFsdWV4cgAQamF2YS5sYW5nLk51bWJlcoaslR0LlOCLAgAAeHAAAAAbdAARYmF0Y2gudGFza2xldFR5cGV0AD1vcmcuc3ByaW5nZnJhbWV3b3JrLmJhdGNoLmNvcmUuc3RlcC5pdGVtLkNodW5rT3JpZW50ZWRUYXNrbGV0dAANYmF0Y2gudmVyc2lvbnQABTUuMC4xdAAOYmF0Y2guc3RlcFR5cGV0ADdvcmcuc3ByaW5nZnJhbWV3b3JrLmJhdGNoLmNvcmUuc3RlcC50YXNrbGV0LlRhc2tsZXRTdGVweA==',NULL),(39,'rO0ABXNyABFqYXZhLnV0aWwuSGFzaE1hcAUH2sHDFmDRAwACRgAKbG9hZEZhY3RvckkACXRocmVzaG9sZHhwP0AAAAAAAAx3CAAAABAAAAAEdAAfUmVwb3NpdG9yeUl0ZW1SZWFkZXIucmVhZC5jb3VudHNyABFqYXZhLmxhbmcuSW50ZWdlchLioKT3gYc4AgABSQAFdmFsdWV4cgAQamF2YS5sYW5nLk51bWJlcoaslR0LlOCLAgAAeHAAAAAbdAARYmF0Y2gudGFza2xldFR5cGV0AD1vcmcuc3ByaW5nZnJhbWV3b3JrLmJhdGNoLmNvcmUuc3RlcC5pdGVtLkNodW5rT3JpZW50ZWRUYXNrbGV0dAANYmF0Y2gudmVyc2lvbnQABTUuMC4xdAAOYmF0Y2guc3RlcFR5cGV0ADdvcmcuc3ByaW5nZnJhbWV3b3JrLmJhdGNoLmNvcmUuc3RlcC50YXNrbGV0LlRhc2tsZXRTdGVweA==',NULL),(40,'rO0ABXNyABFqYXZhLnV0aWwuSGFzaE1hcAUH2sHDFmDRAwACRgAKbG9hZEZhY3RvckkACXRocmVzaG9sZHhwP0AAAAAAAAx3CAAAABAAAAAEdAAfUmVwb3NpdG9yeUl0ZW1SZWFkZXIucmVhZC5jb3VudHNyABFqYXZhLmxhbmcuSW50ZWdlchLioKT3gYc4AgABSQAFdmFsdWV4cgAQamF2YS5sYW5nLk51bWJlcoaslR0LlOCLAgAAeHAAAAAcdAARYmF0Y2gudGFza2xldFR5cGV0AD1vcmcuc3ByaW5nZnJhbWV3b3JrLmJhdGNoLmNvcmUuc3RlcC5pdGVtLkNodW5rT3JpZW50ZWRUYXNrbGV0dAANYmF0Y2gudmVyc2lvbnQABTUuMC4xdAAOYmF0Y2guc3RlcFR5cGV0ADdvcmcuc3ByaW5nZnJhbWV3b3JrLmJhdGNoLmNvcmUuc3RlcC50YXNrbGV0LlRhc2tsZXRTdGVweA==',NULL),(41,'rO0ABXNyABFqYXZhLnV0aWwuSGFzaE1hcAUH2sHDFmDRAwACRgAKbG9hZEZhY3RvckkACXRocmVzaG9sZHhwP0AAAAAAAAx3CAAAABAAAAAEdAAfUmVwb3NpdG9yeUl0ZW1SZWFkZXIucmVhZC5jb3VudHNyABFqYXZhLmxhbmcuSW50ZWdlchLioKT3gYc4AgABSQAFdmFsdWV4cgAQamF2YS5sYW5nLk51bWJlcoaslR0LlOCLAgAAeHAAAAAddAARYmF0Y2gudGFza2xldFR5cGV0AD1vcmcuc3ByaW5nZnJhbWV3b3JrLmJhdGNoLmNvcmUuc3RlcC5pdGVtLkNodW5rT3JpZW50ZWRUYXNrbGV0dAANYmF0Y2gudmVyc2lvbnQABTUuMC4xdAAOYmF0Y2guc3RlcFR5cGV0ADdvcmcuc3ByaW5nZnJhbWV3b3JrLmJhdGNoLmNvcmUuc3RlcC50YXNrbGV0LlRhc2tsZXRTdGVweA==',NULL),(42,'rO0ABXNyABFqYXZhLnV0aWwuSGFzaE1hcAUH2sHDFmDRAwACRgAKbG9hZEZhY3RvckkACXRocmVzaG9sZHhwP0AAAAAAAAx3CAAAABAAAAAEdAAfUmVwb3NpdG9yeUl0ZW1SZWFkZXIucmVhZC5jb3VudHNyABFqYXZhLmxhbmcuSW50ZWdlchLioKT3gYc4AgABSQAFdmFsdWV4cgAQamF2YS5sYW5nLk51bWJlcoaslR0LlOCLAgAAeHAAAAAddAARYmF0Y2gudGFza2xldFR5cGV0AD1vcmcuc3ByaW5nZnJhbWV3b3JrLmJhdGNoLmNvcmUuc3RlcC5pdGVtLkNodW5rT3JpZW50ZWRUYXNrbGV0dAANYmF0Y2gudmVyc2lvbnQABTUuMC4xdAAOYmF0Y2guc3RlcFR5cGV0ADdvcmcuc3ByaW5nZnJhbWV3b3JrLmJhdGNoLmNvcmUuc3RlcC50YXNrbGV0LlRhc2tsZXRTdGVweA==',NULL),(43,'rO0ABXNyABFqYXZhLnV0aWwuSGFzaE1hcAUH2sHDFmDRAwACRgAKbG9hZEZhY3RvckkACXRocmVzaG9sZHhwP0AAAAAAAAx3CAAAABAAAAAEdAAfUmVwb3NpdG9yeUl0ZW1SZWFkZXIucmVhZC5jb3VudHNyABFqYXZhLmxhbmcuSW50ZWdlchLioKT3gYc4AgABSQAFdmFsdWV4cgAQamF2YS5sYW5nLk51bWJlcoaslR0LlOCLAgAAeHAAAAAcdAARYmF0Y2gudGFza2xldFR5cGV0AD1vcmcuc3ByaW5nZnJhbWV3b3JrLmJhdGNoLmNvcmUuc3RlcC5pdGVtLkNodW5rT3JpZW50ZWRUYXNrbGV0dAANYmF0Y2gudmVyc2lvbnQABTUuMC4xdAAOYmF0Y2guc3RlcFR5cGV0ADdvcmcuc3ByaW5nZnJhbWV3b3JrLmJhdGNoLmNvcmUuc3RlcC50YXNrbGV0LlRhc2tsZXRTdGVweA==',NULL),(44,'rO0ABXNyABFqYXZhLnV0aWwuSGFzaE1hcAUH2sHDFmDRAwACRgAKbG9hZEZhY3RvckkACXRocmVzaG9sZHhwP0AAAAAAAAx3CAAAABAAAAAEdAAfUmVwb3NpdG9yeUl0ZW1SZWFkZXIucmVhZC5jb3VudHNyABFqYXZhLmxhbmcuSW50ZWdlchLioKT3gYc4AgABSQAFdmFsdWV4cgAQamF2YS5sYW5nLk51bWJlcoaslR0LlOCLAgAAeHAAAAAadAARYmF0Y2gudGFza2xldFR5cGV0AD1vcmcuc3ByaW5nZnJhbWV3b3JrLmJhdGNoLmNvcmUuc3RlcC5pdGVtLkNodW5rT3JpZW50ZWRUYXNrbGV0dAANYmF0Y2gudmVyc2lvbnQABTUuMC4xdAAOYmF0Y2guc3RlcFR5cGV0ADdvcmcuc3ByaW5nZnJhbWV3b3JrLmJhdGNoLmNvcmUuc3RlcC50YXNrbGV0LlRhc2tsZXRTdGVweA==',NULL),(45,'rO0ABXNyABFqYXZhLnV0aWwuSGFzaE1hcAUH2sHDFmDRAwACRgAKbG9hZEZhY3RvckkACXRocmVzaG9sZHhwP0AAAAAAAAx3CAAAABAAAAAEdAAfUmVwb3NpdG9yeUl0ZW1SZWFkZXIucmVhZC5jb3VudHNyABFqYXZhLmxhbmcuSW50ZWdlchLioKT3gYc4AgABSQAFdmFsdWV4cgAQamF2YS5sYW5nLk51bWJlcoaslR0LlOCLAgAAeHAAAAAcdAARYmF0Y2gudGFza2xldFR5cGV0AD1vcmcuc3ByaW5nZnJhbWV3b3JrLmJhdGNoLmNvcmUuc3RlcC5pdGVtLkNodW5rT3JpZW50ZWRUYXNrbGV0dAANYmF0Y2gudmVyc2lvbnQABTUuMC4xdAAOYmF0Y2guc3RlcFR5cGV0ADdvcmcuc3ByaW5nZnJhbWV3b3JrLmJhdGNoLmNvcmUuc3RlcC50YXNrbGV0LlRhc2tsZXRTdGVweA==',NULL),(46,'rO0ABXNyABFqYXZhLnV0aWwuSGFzaE1hcAUH2sHDFmDRAwACRgAKbG9hZEZhY3RvckkACXRocmVzaG9sZHhwP0AAAAAAAAx3CAAAABAAAAAEdAAfUmVwb3NpdG9yeUl0ZW1SZWFkZXIucmVhZC5jb3VudHNyABFqYXZhLmxhbmcuSW50ZWdlchLioKT3gYc4AgABSQAFdmFsdWV4cgAQamF2YS5sYW5nLk51bWJlcoaslR0LlOCLAgAAeHAAAAAbdAARYmF0Y2gudGFza2xldFR5cGV0AD1vcmcuc3ByaW5nZnJhbWV3b3JrLmJhdGNoLmNvcmUuc3RlcC5pdGVtLkNodW5rT3JpZW50ZWRUYXNrbGV0dAANYmF0Y2gudmVyc2lvbnQABTUuMC4xdAAOYmF0Y2guc3RlcFR5cGV0ADdvcmcuc3ByaW5nZnJhbWV3b3JrLmJhdGNoLmNvcmUuc3RlcC50YXNrbGV0LlRhc2tsZXRTdGVweA==',NULL),(47,'rO0ABXNyABFqYXZhLnV0aWwuSGFzaE1hcAUH2sHDFmDRAwACRgAKbG9hZEZhY3RvckkACXRocmVzaG9sZHhwP0AAAAAAAAx3CAAAABAAAAAEdAAfUmVwb3NpdG9yeUl0ZW1SZWFkZXIucmVhZC5jb3VudHNyABFqYXZhLmxhbmcuSW50ZWdlchLioKT3gYc4AgABSQAFdmFsdWV4cgAQamF2YS5sYW5nLk51bWJlcoaslR0LlOCLAgAAeHAAAAAddAARYmF0Y2gudGFza2xldFR5cGV0AD1vcmcuc3ByaW5nZnJhbWV3b3JrLmJhdGNoLmNvcmUuc3RlcC5pdGVtLkNodW5rT3JpZW50ZWRUYXNrbGV0dAANYmF0Y2gudmVyc2lvbnQABTUuMC4xdAAOYmF0Y2guc3RlcFR5cGV0ADdvcmcuc3ByaW5nZnJhbWV3b3JrLmJhdGNoLmNvcmUuc3RlcC50YXNrbGV0LlRhc2tsZXRTdGVweA==',NULL),(48,'rO0ABXNyABFqYXZhLnV0aWwuSGFzaE1hcAUH2sHDFmDRAwACRgAKbG9hZEZhY3RvckkACXRocmVzaG9sZHhwP0AAAAAAAAx3CAAAABAAAAAEdAAfUmVwb3NpdG9yeUl0ZW1SZWFkZXIucmVhZC5jb3VudHNyABFqYXZhLmxhbmcuSW50ZWdlchLioKT3gYc4AgABSQAFdmFsdWV4cgAQamF2YS5sYW5nLk51bWJlcoaslR0LlOCLAgAAeHAAAAAZdAARYmF0Y2gudGFza2xldFR5cGV0AD1vcmcuc3ByaW5nZnJhbWV3b3JrLmJhdGNoLmNvcmUuc3RlcC5pdGVtLkNodW5rT3JpZW50ZWRUYXNrbGV0dAANYmF0Y2gudmVyc2lvbnQABTUuMC4xdAAOYmF0Y2guc3RlcFR5cGV0ADdvcmcuc3ByaW5nZnJhbWV3b3JrLmJhdGNoLmNvcmUuc3RlcC50YXNrbGV0LlRhc2tsZXRTdGVweA==',NULL),(49,'rO0ABXNyABFqYXZhLnV0aWwuSGFzaE1hcAUH2sHDFmDRAwACRgAKbG9hZEZhY3RvckkACXRocmVzaG9sZHhwP0AAAAAAAAx3CAAAABAAAAAEdAAfUmVwb3NpdG9yeUl0ZW1SZWFkZXIucmVhZC5jb3VudHNyABFqYXZhLmxhbmcuSW50ZWdlchLioKT3gYc4AgABSQAFdmFsdWV4cgAQamF2YS5sYW5nLk51bWJlcoaslR0LlOCLAgAAeHAAAAAbdAARYmF0Y2gudGFza2xldFR5cGV0AD1vcmcuc3ByaW5nZnJhbWV3b3JrLmJhdGNoLmNvcmUuc3RlcC5pdGVtLkNodW5rT3JpZW50ZWRUYXNrbGV0dAANYmF0Y2gudmVyc2lvbnQABTUuMC4xdAAOYmF0Y2guc3RlcFR5cGV0ADdvcmcuc3ByaW5nZnJhbWV3b3JrLmJhdGNoLmNvcmUuc3RlcC50YXNrbGV0LlRhc2tsZXRTdGVweA==',NULL),(50,'rO0ABXNyABFqYXZhLnV0aWwuSGFzaE1hcAUH2sHDFmDRAwACRgAKbG9hZEZhY3RvckkACXRocmVzaG9sZHhwP0AAAAAAAAx3CAAAABAAAAAEdAAfUmVwb3NpdG9yeUl0ZW1SZWFkZXIucmVhZC5jb3VudHNyABFqYXZhLmxhbmcuSW50ZWdlchLioKT3gYc4AgABSQAFdmFsdWV4cgAQamF2YS5sYW5nLk51bWJlcoaslR0LlOCLAgAAeHAAAAAddAARYmF0Y2gudGFza2xldFR5cGV0AD1vcmcuc3ByaW5nZnJhbWV3b3JrLmJhdGNoLmNvcmUuc3RlcC5pdGVtLkNodW5rT3JpZW50ZWRUYXNrbGV0dAANYmF0Y2gudmVyc2lvbnQABTUuMC4xdAAOYmF0Y2guc3RlcFR5cGV0ADdvcmcuc3ByaW5nZnJhbWV3b3JrLmJhdGNoLmNvcmUuc3RlcC50YXNrbGV0LlRhc2tsZXRTdGVweA==',NULL),(51,'rO0ABXNyABFqYXZhLnV0aWwuSGFzaE1hcAUH2sHDFmDRAwACRgAKbG9hZEZhY3RvckkACXRocmVzaG9sZHhwP0AAAAAAAAx3CAAAABAAAAAEdAAfUmVwb3NpdG9yeUl0ZW1SZWFkZXIucmVhZC5jb3VudHNyABFqYXZhLmxhbmcuSW50ZWdlchLioKT3gYc4AgABSQAFdmFsdWV4cgAQamF2YS5sYW5nLk51bWJlcoaslR0LlOCLAgAAeHAAAAAbdAARYmF0Y2gudGFza2xldFR5cGV0AD1vcmcuc3ByaW5nZnJhbWV3b3JrLmJhdGNoLmNvcmUuc3RlcC5pdGVtLkNodW5rT3JpZW50ZWRUYXNrbGV0dAANYmF0Y2gudmVyc2lvbnQABTUuMC4xdAAOYmF0Y2guc3RlcFR5cGV0ADdvcmcuc3ByaW5nZnJhbWV3b3JrLmJhdGNoLmNvcmUuc3RlcC50YXNrbGV0LlRhc2tsZXRTdGVweA==',NULL),(52,'rO0ABXNyABFqYXZhLnV0aWwuSGFzaE1hcAUH2sHDFmDRAwACRgAKbG9hZEZhY3RvckkACXRocmVzaG9sZHhwP0AAAAAAAAx3CAAAABAAAAAEdAAfUmVwb3NpdG9yeUl0ZW1SZWFkZXIucmVhZC5jb3VudHNyABFqYXZhLmxhbmcuSW50ZWdlchLioKT3gYc4AgABSQAFdmFsdWV4cgAQamF2YS5sYW5nLk51bWJlcoaslR0LlOCLAgAAeHAAAAAbdAARYmF0Y2gudGFza2xldFR5cGV0AD1vcmcuc3ByaW5nZnJhbWV3b3JrLmJhdGNoLmNvcmUuc3RlcC5pdGVtLkNodW5rT3JpZW50ZWRUYXNrbGV0dAANYmF0Y2gudmVyc2lvbnQABTUuMC4xdAAOYmF0Y2guc3RlcFR5cGV0ADdvcmcuc3ByaW5nZnJhbWV3b3JrLmJhdGNoLmNvcmUuc3RlcC50YXNrbGV0LlRhc2tsZXRTdGVweA==',NULL),(53,'rO0ABXNyABFqYXZhLnV0aWwuSGFzaE1hcAUH2sHDFmDRAwACRgAKbG9hZEZhY3RvckkACXRocmVzaG9sZHhwP0AAAAAAAAx3CAAAABAAAAAEdAAfUmVwb3NpdG9yeUl0ZW1SZWFkZXIucmVhZC5jb3VudHNyABFqYXZhLmxhbmcuSW50ZWdlchLioKT3gYc4AgABSQAFdmFsdWV4cgAQamF2YS5sYW5nLk51bWJlcoaslR0LlOCLAgAAeHAAAAAddAARYmF0Y2gudGFza2xldFR5cGV0AD1vcmcuc3ByaW5nZnJhbWV3b3JrLmJhdGNoLmNvcmUuc3RlcC5pdGVtLkNodW5rT3JpZW50ZWRUYXNrbGV0dAANYmF0Y2gudmVyc2lvbnQABTUuMC4xdAAOYmF0Y2guc3RlcFR5cGV0ADdvcmcuc3ByaW5nZnJhbWV3b3JrLmJhdGNoLmNvcmUuc3RlcC50YXNrbGV0LlRhc2tsZXRTdGVweA==',NULL),(54,'rO0ABXNyABFqYXZhLnV0aWwuSGFzaE1hcAUH2sHDFmDRAwACRgAKbG9hZEZhY3RvckkACXRocmVzaG9sZHhwP0AAAAAAAAx3CAAAABAAAAAEdAAfUmVwb3NpdG9yeUl0ZW1SZWFkZXIucmVhZC5jb3VudHNyABFqYXZhLmxhbmcuSW50ZWdlchLioKT3gYc4AgABSQAFdmFsdWV4cgAQamF2YS5sYW5nLk51bWJlcoaslR0LlOCLAgAAeHAAAAAcdAARYmF0Y2gudGFza2xldFR5cGV0AD1vcmcuc3ByaW5nZnJhbWV3b3JrLmJhdGNoLmNvcmUuc3RlcC5pdGVtLkNodW5rT3JpZW50ZWRUYXNrbGV0dAANYmF0Y2gudmVyc2lvbnQABTUuMC4xdAAOYmF0Y2guc3RlcFR5cGV0ADdvcmcuc3ByaW5nZnJhbWV3b3JrLmJhdGNoLmNvcmUuc3RlcC50YXNrbGV0LlRhc2tsZXRTdGVweA==',NULL),(55,'rO0ABXNyABFqYXZhLnV0aWwuSGFzaE1hcAUH2sHDFmDRAwACRgAKbG9hZEZhY3RvckkACXRocmVzaG9sZHhwP0AAAAAAAAx3CAAAABAAAAAEdAAfUmVwb3NpdG9yeUl0ZW1SZWFkZXIucmVhZC5jb3VudHNyABFqYXZhLmxhbmcuSW50ZWdlchLioKT3gYc4AgABSQAFdmFsdWV4cgAQamF2YS5sYW5nLk51bWJlcoaslR0LlOCLAgAAeHAAAAAbdAARYmF0Y2gudGFza2xldFR5cGV0AD1vcmcuc3ByaW5nZnJhbWV3b3JrLmJhdGNoLmNvcmUuc3RlcC5pdGVtLkNodW5rT3JpZW50ZWRUYXNrbGV0dAANYmF0Y2gudmVyc2lvbnQABTUuMC4xdAAOYmF0Y2guc3RlcFR5cGV0ADdvcmcuc3ByaW5nZnJhbWV3b3JrLmJhdGNoLmNvcmUuc3RlcC50YXNrbGV0LlRhc2tsZXRTdGVweA==',NULL),(56,'rO0ABXNyABFqYXZhLnV0aWwuSGFzaE1hcAUH2sHDFmDRAwACRgAKbG9hZEZhY3RvckkACXRocmVzaG9sZHhwP0AAAAAAAAx3CAAAABAAAAAEdAAfUmVwb3NpdG9yeUl0ZW1SZWFkZXIucmVhZC5jb3VudHNyABFqYXZhLmxhbmcuSW50ZWdlchLioKT3gYc4AgABSQAFdmFsdWV4cgAQamF2YS5sYW5nLk51bWJlcoaslR0LlOCLAgAAeHAAAAAadAARYmF0Y2gudGFza2xldFR5cGV0AD1vcmcuc3ByaW5nZnJhbWV3b3JrLmJhdGNoLmNvcmUuc3RlcC5pdGVtLkNodW5rT3JpZW50ZWRUYXNrbGV0dAANYmF0Y2gudmVyc2lvbnQABTUuMC4xdAAOYmF0Y2guc3RlcFR5cGV0ADdvcmcuc3ByaW5nZnJhbWV3b3JrLmJhdGNoLmNvcmUuc3RlcC50YXNrbGV0LlRhc2tsZXRTdGVweA==',NULL),(57,'rO0ABXNyABFqYXZhLnV0aWwuSGFzaE1hcAUH2sHDFmDRAwACRgAKbG9hZEZhY3RvckkACXRocmVzaG9sZHhwP0AAAAAAAAx3CAAAABAAAAAEdAAfUmVwb3NpdG9yeUl0ZW1SZWFkZXIucmVhZC5jb3VudHNyABFqYXZhLmxhbmcuSW50ZWdlchLioKT3gYc4AgABSQAFdmFsdWV4cgAQamF2YS5sYW5nLk51bWJlcoaslR0LlOCLAgAAeHAAAAAadAARYmF0Y2gudGFza2xldFR5cGV0AD1vcmcuc3ByaW5nZnJhbWV3b3JrLmJhdGNoLmNvcmUuc3RlcC5pdGVtLkNodW5rT3JpZW50ZWRUYXNrbGV0dAANYmF0Y2gudmVyc2lvbnQABTUuMC4xdAAOYmF0Y2guc3RlcFR5cGV0ADdvcmcuc3ByaW5nZnJhbWV3b3JrLmJhdGNoLmNvcmUuc3RlcC50YXNrbGV0LlRhc2tsZXRTdGVweA==',NULL),(58,'rO0ABXNyABFqYXZhLnV0aWwuSGFzaE1hcAUH2sHDFmDRAwACRgAKbG9hZEZhY3RvckkACXRocmVzaG9sZHhwP0AAAAAAAAx3CAAAABAAAAAEdAAfUmVwb3NpdG9yeUl0ZW1SZWFkZXIucmVhZC5jb3VudHNyABFqYXZhLmxhbmcuSW50ZWdlchLioKT3gYc4AgABSQAFdmFsdWV4cgAQamF2YS5sYW5nLk51bWJlcoaslR0LlOCLAgAAeHAAAAAcdAARYmF0Y2gudGFza2xldFR5cGV0AD1vcmcuc3ByaW5nZnJhbWV3b3JrLmJhdGNoLmNvcmUuc3RlcC5pdGVtLkNodW5rT3JpZW50ZWRUYXNrbGV0dAANYmF0Y2gudmVyc2lvbnQABTUuMC4xdAAOYmF0Y2guc3RlcFR5cGV0ADdvcmcuc3ByaW5nZnJhbWV3b3JrLmJhdGNoLmNvcmUuc3RlcC50YXNrbGV0LlRhc2tsZXRTdGVweA==',NULL),(59,'rO0ABXNyABFqYXZhLnV0aWwuSGFzaE1hcAUH2sHDFmDRAwACRgAKbG9hZEZhY3RvckkACXRocmVzaG9sZHhwP0AAAAAAAAx3CAAAABAAAAAEdAAfUmVwb3NpdG9yeUl0ZW1SZWFkZXIucmVhZC5jb3VudHNyABFqYXZhLmxhbmcuSW50ZWdlchLioKT3gYc4AgABSQAFdmFsdWV4cgAQamF2YS5sYW5nLk51bWJlcoaslR0LlOCLAgAAeHAAAAAddAARYmF0Y2gudGFza2xldFR5cGV0AD1vcmcuc3ByaW5nZnJhbWV3b3JrLmJhdGNoLmNvcmUuc3RlcC5pdGVtLkNodW5rT3JpZW50ZWRUYXNrbGV0dAANYmF0Y2gudmVyc2lvbnQABTUuMC4xdAAOYmF0Y2guc3RlcFR5cGV0ADdvcmcuc3ByaW5nZnJhbWV3b3JrLmJhdGNoLmNvcmUuc3RlcC50YXNrbGV0LlRhc2tsZXRTdGVweA==',NULL),(60,'rO0ABXNyABFqYXZhLnV0aWwuSGFzaE1hcAUH2sHDFmDRAwACRgAKbG9hZEZhY3RvckkACXRocmVzaG9sZHhwP0AAAAAAAAx3CAAAABAAAAAEdAAfUmVwb3NpdG9yeUl0ZW1SZWFkZXIucmVhZC5jb3VudHNyABFqYXZhLmxhbmcuSW50ZWdlchLioKT3gYc4AgABSQAFdmFsdWV4cgAQamF2YS5sYW5nLk51bWJlcoaslR0LlOCLAgAAeHAAAAAddAARYmF0Y2gudGFza2xldFR5cGV0AD1vcmcuc3ByaW5nZnJhbWV3b3JrLmJhdGNoLmNvcmUuc3RlcC5pdGVtLkNodW5rT3JpZW50ZWRUYXNrbGV0dAANYmF0Y2gudmVyc2lvbnQABTUuMC4xdAAOYmF0Y2guc3RlcFR5cGV0ADdvcmcuc3ByaW5nZnJhbWV3b3JrLmJhdGNoLmNvcmUuc3RlcC50YXNrbGV0LlRhc2tsZXRTdGVweA==',NULL),(61,'rO0ABXNyABFqYXZhLnV0aWwuSGFzaE1hcAUH2sHDFmDRAwACRgAKbG9hZEZhY3RvckkACXRocmVzaG9sZHhwP0AAAAAAAAx3CAAAABAAAAAEdAAfUmVwb3NpdG9yeUl0ZW1SZWFkZXIucmVhZC5jb3VudHNyABFqYXZhLmxhbmcuSW50ZWdlchLioKT3gYc4AgABSQAFdmFsdWV4cgAQamF2YS5sYW5nLk51bWJlcoaslR0LlOCLAgAAeHAAAAAddAARYmF0Y2gudGFza2xldFR5cGV0AD1vcmcuc3ByaW5nZnJhbWV3b3JrLmJhdGNoLmNvcmUuc3RlcC5pdGVtLkNodW5rT3JpZW50ZWRUYXNrbGV0dAANYmF0Y2gudmVyc2lvbnQABTUuMC4xdAAOYmF0Y2guc3RlcFR5cGV0ADdvcmcuc3ByaW5nZnJhbWV3b3JrLmJhdGNoLmNvcmUuc3RlcC50YXNrbGV0LlRhc2tsZXRTdGVweA==',NULL),(62,'rO0ABXNyABFqYXZhLnV0aWwuSGFzaE1hcAUH2sHDFmDRAwACRgAKbG9hZEZhY3RvckkACXRocmVzaG9sZHhwP0AAAAAAAAx3CAAAABAAAAAEdAAfUmVwb3NpdG9yeUl0ZW1SZWFkZXIucmVhZC5jb3VudHNyABFqYXZhLmxhbmcuSW50ZWdlchLioKT3gYc4AgABSQAFdmFsdWV4cgAQamF2YS5sYW5nLk51bWJlcoaslR0LlOCLAgAAeHAAAAAcdAARYmF0Y2gudGFza2xldFR5cGV0AD1vcmcuc3ByaW5nZnJhbWV3b3JrLmJhdGNoLmNvcmUuc3RlcC5pdGVtLkNodW5rT3JpZW50ZWRUYXNrbGV0dAANYmF0Y2gudmVyc2lvbnQABTUuMC4xdAAOYmF0Y2guc3RlcFR5cGV0ADdvcmcuc3ByaW5nZnJhbWV3b3JrLmJhdGNoLmNvcmUuc3RlcC50YXNrbGV0LlRhc2tsZXRTdGVweA==',NULL),(63,'rO0ABXNyABFqYXZhLnV0aWwuSGFzaE1hcAUH2sHDFmDRAwACRgAKbG9hZEZhY3RvckkACXRocmVzaG9sZHhwP0AAAAAAAAx3CAAAABAAAAAEdAAfUmVwb3NpdG9yeUl0ZW1SZWFkZXIucmVhZC5jb3VudHNyABFqYXZhLmxhbmcuSW50ZWdlchLioKT3gYc4AgABSQAFdmFsdWV4cgAQamF2YS5sYW5nLk51bWJlcoaslR0LlOCLAgAAeHAAAAAddAARYmF0Y2gudGFza2xldFR5cGV0AD1vcmcuc3ByaW5nZnJhbWV3b3JrLmJhdGNoLmNvcmUuc3RlcC5pdGVtLkNodW5rT3JpZW50ZWRUYXNrbGV0dAANYmF0Y2gudmVyc2lvbnQABTUuMC4xdAAOYmF0Y2guc3RlcFR5cGV0ADdvcmcuc3ByaW5nZnJhbWV3b3JrLmJhdGNoLmNvcmUuc3RlcC50YXNrbGV0LlRhc2tsZXRTdGVweA==',NULL),(64,'rO0ABXNyABFqYXZhLnV0aWwuSGFzaE1hcAUH2sHDFmDRAwACRgAKbG9hZEZhY3RvckkACXRocmVzaG9sZHhwP0AAAAAAAAx3CAAAABAAAAAEdAAfUmVwb3NpdG9yeUl0ZW1SZWFkZXIucmVhZC5jb3VudHNyABFqYXZhLmxhbmcuSW50ZWdlchLioKT3gYc4AgABSQAFdmFsdWV4cgAQamF2YS5sYW5nLk51bWJlcoaslR0LlOCLAgAAeHAAAAAcdAARYmF0Y2gudGFza2xldFR5cGV0AD1vcmcuc3ByaW5nZnJhbWV3b3JrLmJhdGNoLmNvcmUuc3RlcC5pdGVtLkNodW5rT3JpZW50ZWRUYXNrbGV0dAANYmF0Y2gudmVyc2lvbnQABTUuMC4xdAAOYmF0Y2guc3RlcFR5cGV0ADdvcmcuc3ByaW5nZnJhbWV3b3JrLmJhdGNoLmNvcmUuc3RlcC50YXNrbGV0LlRhc2tsZXRTdGVweA==',NULL),(65,'rO0ABXNyABFqYXZhLnV0aWwuSGFzaE1hcAUH2sHDFmDRAwACRgAKbG9hZEZhY3RvckkACXRocmVzaG9sZHhwP0AAAAAAAAx3CAAAABAAAAAEdAAfUmVwb3NpdG9yeUl0ZW1SZWFkZXIucmVhZC5jb3VudHNyABFqYXZhLmxhbmcuSW50ZWdlchLioKT3gYc4AgABSQAFdmFsdWV4cgAQamF2YS5sYW5nLk51bWJlcoaslR0LlOCLAgAAeHAAAAAddAARYmF0Y2gudGFza2xldFR5cGV0AD1vcmcuc3ByaW5nZnJhbWV3b3JrLmJhdGNoLmNvcmUuc3RlcC5pdGVtLkNodW5rT3JpZW50ZWRUYXNrbGV0dAANYmF0Y2gudmVyc2lvbnQABTUuMC4xdAAOYmF0Y2guc3RlcFR5cGV0ADdvcmcuc3ByaW5nZnJhbWV3b3JrLmJhdGNoLmNvcmUuc3RlcC50YXNrbGV0LlRhc2tsZXRTdGVweA==',NULL),(66,'rO0ABXNyABFqYXZhLnV0aWwuSGFzaE1hcAUH2sHDFmDRAwACRgAKbG9hZEZhY3RvckkACXRocmVzaG9sZHhwP0AAAAAAAAx3CAAAABAAAAAEdAAfUmVwb3NpdG9yeUl0ZW1SZWFkZXIucmVhZC5jb3VudHNyABFqYXZhLmxhbmcuSW50ZWdlchLioKT3gYc4AgABSQAFdmFsdWV4cgAQamF2YS5sYW5nLk51bWJlcoaslR0LlOCLAgAAeHAAAAAddAARYmF0Y2gudGFza2xldFR5cGV0AD1vcmcuc3ByaW5nZnJhbWV3b3JrLmJhdGNoLmNvcmUuc3RlcC5pdGVtLkNodW5rT3JpZW50ZWRUYXNrbGV0dAANYmF0Y2gudmVyc2lvbnQABTUuMC4xdAAOYmF0Y2guc3RlcFR5cGV0ADdvcmcuc3ByaW5nZnJhbWV3b3JrLmJhdGNoLmNvcmUuc3RlcC50YXNrbGV0LlRhc2tsZXRTdGVweA==',NULL),(67,'rO0ABXNyABFqYXZhLnV0aWwuSGFzaE1hcAUH2sHDFmDRAwACRgAKbG9hZEZhY3RvckkACXRocmVzaG9sZHhwP0AAAAAAAAx3CAAAABAAAAAEdAAfUmVwb3NpdG9yeUl0ZW1SZWFkZXIucmVhZC5jb3VudHNyABFqYXZhLmxhbmcuSW50ZWdlchLioKT3gYc4AgABSQAFdmFsdWV4cgAQamF2YS5sYW5nLk51bWJlcoaslR0LlOCLAgAAeHAAAAAddAARYmF0Y2gudGFza2xldFR5cGV0AD1vcmcuc3ByaW5nZnJhbWV3b3JrLmJhdGNoLmNvcmUuc3RlcC5pdGVtLkNodW5rT3JpZW50ZWRUYXNrbGV0dAANYmF0Y2gudmVyc2lvbnQABTUuMC4xdAAOYmF0Y2guc3RlcFR5cGV0ADdvcmcuc3ByaW5nZnJhbWV3b3JrLmJhdGNoLmNvcmUuc3RlcC50YXNrbGV0LlRhc2tsZXRTdGVweA==',NULL),(68,'rO0ABXNyABFqYXZhLnV0aWwuSGFzaE1hcAUH2sHDFmDRAwACRgAKbG9hZEZhY3RvckkACXRocmVzaG9sZHhwP0AAAAAAAAx3CAAAABAAAAAEdAAfUmVwb3NpdG9yeUl0ZW1SZWFkZXIucmVhZC5jb3VudHNyABFqYXZhLmxhbmcuSW50ZWdlchLioKT3gYc4AgABSQAFdmFsdWV4cgAQamF2YS5sYW5nLk51bWJlcoaslR0LlOCLAgAAeHAAAAAddAARYmF0Y2gudGFza2xldFR5cGV0AD1vcmcuc3ByaW5nZnJhbWV3b3JrLmJhdGNoLmNvcmUuc3RlcC5pdGVtLkNodW5rT3JpZW50ZWRUYXNrbGV0dAANYmF0Y2gudmVyc2lvbnQABTUuMC4xdAAOYmF0Y2guc3RlcFR5cGV0ADdvcmcuc3ByaW5nZnJhbWV3b3JrLmJhdGNoLmNvcmUuc3RlcC50YXNrbGV0LlRhc2tsZXRTdGVweA==',NULL),(69,'rO0ABXNyABFqYXZhLnV0aWwuSGFzaE1hcAUH2sHDFmDRAwACRgAKbG9hZEZhY3RvckkACXRocmVzaG9sZHhwP0AAAAAAAAx3CAAAABAAAAAEdAAfUmVwb3NpdG9yeUl0ZW1SZWFkZXIucmVhZC5jb3VudHNyABFqYXZhLmxhbmcuSW50ZWdlchLioKT3gYc4AgABSQAFdmFsdWV4cgAQamF2YS5sYW5nLk51bWJlcoaslR0LlOCLAgAAeHAAAAAddAARYmF0Y2gudGFza2xldFR5cGV0AD1vcmcuc3ByaW5nZnJhbWV3b3JrLmJhdGNoLmNvcmUuc3RlcC5pdGVtLkNodW5rT3JpZW50ZWRUYXNrbGV0dAANYmF0Y2gudmVyc2lvbnQABTUuMC4xdAAOYmF0Y2guc3RlcFR5cGV0ADdvcmcuc3ByaW5nZnJhbWV3b3JrLmJhdGNoLmNvcmUuc3RlcC50YXNrbGV0LlRhc2tsZXRTdGVweA==',NULL),(70,'rO0ABXNyABFqYXZhLnV0aWwuSGFzaE1hcAUH2sHDFmDRAwACRgAKbG9hZEZhY3RvckkACXRocmVzaG9sZHhwP0AAAAAAAAx3CAAAABAAAAAEdAAfUmVwb3NpdG9yeUl0ZW1SZWFkZXIucmVhZC5jb3VudHNyABFqYXZhLmxhbmcuSW50ZWdlchLioKT3gYc4AgABSQAFdmFsdWV4cgAQamF2YS5sYW5nLk51bWJlcoaslR0LlOCLAgAAeHAAAAAddAARYmF0Y2gudGFza2xldFR5cGV0AD1vcmcuc3ByaW5nZnJhbWV3b3JrLmJhdGNoLmNvcmUuc3RlcC5pdGVtLkNodW5rT3JpZW50ZWRUYXNrbGV0dAANYmF0Y2gudmVyc2lvbnQABTUuMC4xdAAOYmF0Y2guc3RlcFR5cGV0ADdvcmcuc3ByaW5nZnJhbWV3b3JrLmJhdGNoLmNvcmUuc3RlcC50YXNrbGV0LlRhc2tsZXRTdGVweA==',NULL),(71,'rO0ABXNyABFqYXZhLnV0aWwuSGFzaE1hcAUH2sHDFmDRAwACRgAKbG9hZEZhY3RvckkACXRocmVzaG9sZHhwP0AAAAAAAAx3CAAAABAAAAAEdAAfUmVwb3NpdG9yeUl0ZW1SZWFkZXIucmVhZC5jb3VudHNyABFqYXZhLmxhbmcuSW50ZWdlchLioKT3gYc4AgABSQAFdmFsdWV4cgAQamF2YS5sYW5nLk51bWJlcoaslR0LlOCLAgAAeHAAAAAddAARYmF0Y2gudGFza2xldFR5cGV0AD1vcmcuc3ByaW5nZnJhbWV3b3JrLmJhdGNoLmNvcmUuc3RlcC5pdGVtLkNodW5rT3JpZW50ZWRUYXNrbGV0dAANYmF0Y2gudmVyc2lvbnQABTUuMC4xdAAOYmF0Y2guc3RlcFR5cGV0ADdvcmcuc3ByaW5nZnJhbWV3b3JrLmJhdGNoLmNvcmUuc3RlcC50YXNrbGV0LlRhc2tsZXRTdGVweA==',NULL),(72,'rO0ABXNyABFqYXZhLnV0aWwuSGFzaE1hcAUH2sHDFmDRAwACRgAKbG9hZEZhY3RvckkACXRocmVzaG9sZHhwP0AAAAAAAAx3CAAAABAAAAAEdAAfUmVwb3NpdG9yeUl0ZW1SZWFkZXIucmVhZC5jb3VudHNyABFqYXZhLmxhbmcuSW50ZWdlchLioKT3gYc4AgABSQAFdmFsdWV4cgAQamF2YS5sYW5nLk51bWJlcoaslR0LlOCLAgAAeHAAAAAcdAARYmF0Y2gudGFza2xldFR5cGV0AD1vcmcuc3ByaW5nZnJhbWV3b3JrLmJhdGNoLmNvcmUuc3RlcC5pdGVtLkNodW5rT3JpZW50ZWRUYXNrbGV0dAANYmF0Y2gudmVyc2lvbnQABTUuMC4xdAAOYmF0Y2guc3RlcFR5cGV0ADdvcmcuc3ByaW5nZnJhbWV3b3JrLmJhdGNoLmNvcmUuc3RlcC50YXNrbGV0LlRhc2tsZXRTdGVweA==',NULL),(73,'rO0ABXNyABFqYXZhLnV0aWwuSGFzaE1hcAUH2sHDFmDRAwACRgAKbG9hZEZhY3RvckkACXRocmVzaG9sZHhwP0AAAAAAAAx3CAAAABAAAAAEdAAfUmVwb3NpdG9yeUl0ZW1SZWFkZXIucmVhZC5jb3VudHNyABFqYXZhLmxhbmcuSW50ZWdlchLioKT3gYc4AgABSQAFdmFsdWV4cgAQamF2YS5sYW5nLk51bWJlcoaslR0LlOCLAgAAeHAAAAAddAARYmF0Y2gudGFza2xldFR5cGV0AD1vcmcuc3ByaW5nZnJhbWV3b3JrLmJhdGNoLmNvcmUuc3RlcC5pdGVtLkNodW5rT3JpZW50ZWRUYXNrbGV0dAANYmF0Y2gudmVyc2lvbnQABTUuMC4xdAAOYmF0Y2guc3RlcFR5cGV0ADdvcmcuc3ByaW5nZnJhbWV3b3JrLmJhdGNoLmNvcmUuc3RlcC50YXNrbGV0LlRhc2tsZXRTdGVweA==',NULL),(74,'rO0ABXNyABFqYXZhLnV0aWwuSGFzaE1hcAUH2sHDFmDRAwACRgAKbG9hZEZhY3RvckkACXRocmVzaG9sZHhwP0AAAAAAAAx3CAAAABAAAAAEdAAfUmVwb3NpdG9yeUl0ZW1SZWFkZXIucmVhZC5jb3VudHNyABFqYXZhLmxhbmcuSW50ZWdlchLioKT3gYc4AgABSQAFdmFsdWV4cgAQamF2YS5sYW5nLk51bWJlcoaslR0LlOCLAgAAeHAAAAAddAARYmF0Y2gudGFza2xldFR5cGV0AD1vcmcuc3ByaW5nZnJhbWV3b3JrLmJhdGNoLmNvcmUuc3RlcC5pdGVtLkNodW5rT3JpZW50ZWRUYXNrbGV0dAANYmF0Y2gudmVyc2lvbnQABTUuMC4xdAAOYmF0Y2guc3RlcFR5cGV0ADdvcmcuc3ByaW5nZnJhbWV3b3JrLmJhdGNoLmNvcmUuc3RlcC50YXNrbGV0LlRhc2tsZXRTdGVweA==',NULL),(75,'rO0ABXNyABFqYXZhLnV0aWwuSGFzaE1hcAUH2sHDFmDRAwACRgAKbG9hZEZhY3RvckkACXRocmVzaG9sZHhwP0AAAAAAAAx3CAAAABAAAAAEdAAfUmVwb3NpdG9yeUl0ZW1SZWFkZXIucmVhZC5jb3VudHNyABFqYXZhLmxhbmcuSW50ZWdlchLioKT3gYc4AgABSQAFdmFsdWV4cgAQamF2YS5sYW5nLk51bWJlcoaslR0LlOCLAgAAeHAAAAAddAARYmF0Y2gudGFza2xldFR5cGV0AD1vcmcuc3ByaW5nZnJhbWV3b3JrLmJhdGNoLmNvcmUuc3RlcC5pdGVtLkNodW5rT3JpZW50ZWRUYXNrbGV0dAANYmF0Y2gudmVyc2lvbnQABTUuMC4xdAAOYmF0Y2guc3RlcFR5cGV0ADdvcmcuc3ByaW5nZnJhbWV3b3JrLmJhdGNoLmNvcmUuc3RlcC50YXNrbGV0LlRhc2tsZXRTdGVweA==',NULL),(76,'rO0ABXNyABFqYXZhLnV0aWwuSGFzaE1hcAUH2sHDFmDRAwACRgAKbG9hZEZhY3RvckkACXRocmVzaG9sZHhwP0AAAAAAAAx3CAAAABAAAAAEdAAfUmVwb3NpdG9yeUl0ZW1SZWFkZXIucmVhZC5jb3VudHNyABFqYXZhLmxhbmcuSW50ZWdlchLioKT3gYc4AgABSQAFdmFsdWV4cgAQamF2YS5sYW5nLk51bWJlcoaslR0LlOCLAgAAeHAAAAAddAARYmF0Y2gudGFza2xldFR5cGV0AD1vcmcuc3ByaW5nZnJhbWV3b3JrLmJhdGNoLmNvcmUuc3RlcC5pdGVtLkNodW5rT3JpZW50ZWRUYXNrbGV0dAANYmF0Y2gudmVyc2lvbnQABTUuMC4xdAAOYmF0Y2guc3RlcFR5cGV0ADdvcmcuc3ByaW5nZnJhbWV3b3JrLmJhdGNoLmNvcmUuc3RlcC50YXNrbGV0LlRhc2tsZXRTdGVweA==',NULL),(77,'rO0ABXNyABFqYXZhLnV0aWwuSGFzaE1hcAUH2sHDFmDRAwACRgAKbG9hZEZhY3RvckkACXRocmVzaG9sZHhwP0AAAAAAAAx3CAAAABAAAAAEdAAfUmVwb3NpdG9yeUl0ZW1SZWFkZXIucmVhZC5jb3VudHNyABFqYXZhLmxhbmcuSW50ZWdlchLioKT3gYc4AgABSQAFdmFsdWV4cgAQamF2YS5sYW5nLk51bWJlcoaslR0LlOCLAgAAeHAAAAAddAARYmF0Y2gudGFza2xldFR5cGV0AD1vcmcuc3ByaW5nZnJhbWV3b3JrLmJhdGNoLmNvcmUuc3RlcC5pdGVtLkNodW5rT3JpZW50ZWRUYXNrbGV0dAANYmF0Y2gudmVyc2lvbnQABTUuMC4xdAAOYmF0Y2guc3RlcFR5cGV0ADdvcmcuc3ByaW5nZnJhbWV3b3JrLmJhdGNoLmNvcmUuc3RlcC50YXNrbGV0LlRhc2tsZXRTdGVweA==',NULL),(78,'rO0ABXNyABFqYXZhLnV0aWwuSGFzaE1hcAUH2sHDFmDRAwACRgAKbG9hZEZhY3RvckkACXRocmVzaG9sZHhwP0AAAAAAAAx3CAAAABAAAAAEdAAfUmVwb3NpdG9yeUl0ZW1SZWFkZXIucmVhZC5jb3VudHNyABFqYXZhLmxhbmcuSW50ZWdlchLioKT3gYc4AgABSQAFdmFsdWV4cgAQamF2YS5sYW5nLk51bWJlcoaslR0LlOCLAgAAeHAAAAAcdAARYmF0Y2gudGFza2xldFR5cGV0AD1vcmcuc3ByaW5nZnJhbWV3b3JrLmJhdGNoLmNvcmUuc3RlcC5pdGVtLkNodW5rT3JpZW50ZWRUYXNrbGV0dAANYmF0Y2gudmVyc2lvbnQABTUuMC4xdAAOYmF0Y2guc3RlcFR5cGV0ADdvcmcuc3ByaW5nZnJhbWV3b3JrLmJhdGNoLmNvcmUuc3RlcC50YXNrbGV0LlRhc2tsZXRTdGVweA==',NULL),(79,'rO0ABXNyABFqYXZhLnV0aWwuSGFzaE1hcAUH2sHDFmDRAwACRgAKbG9hZEZhY3RvckkACXRocmVzaG9sZHhwP0AAAAAAAAx3CAAAABAAAAAEdAAfUmVwb3NpdG9yeUl0ZW1SZWFkZXIucmVhZC5jb3VudHNyABFqYXZhLmxhbmcuSW50ZWdlchLioKT3gYc4AgABSQAFdmFsdWV4cgAQamF2YS5sYW5nLk51bWJlcoaslR0LlOCLAgAAeHAAAAAcdAARYmF0Y2gudGFza2xldFR5cGV0AD1vcmcuc3ByaW5nZnJhbWV3b3JrLmJhdGNoLmNvcmUuc3RlcC5pdGVtLkNodW5rT3JpZW50ZWRUYXNrbGV0dAANYmF0Y2gudmVyc2lvbnQABTUuMC4xdAAOYmF0Y2guc3RlcFR5cGV0ADdvcmcuc3ByaW5nZnJhbWV3b3JrLmJhdGNoLmNvcmUuc3RlcC50YXNrbGV0LlRhc2tsZXRTdGVweA==',NULL),(80,'rO0ABXNyABFqYXZhLnV0aWwuSGFzaE1hcAUH2sHDFmDRAwACRgAKbG9hZEZhY3RvckkACXRocmVzaG9sZHhwP0AAAAAAAAx3CAAAABAAAAAEdAAfUmVwb3NpdG9yeUl0ZW1SZWFkZXIucmVhZC5jb3VudHNyABFqYXZhLmxhbmcuSW50ZWdlchLioKT3gYc4AgABSQAFdmFsdWV4cgAQamF2YS5sYW5nLk51bWJlcoaslR0LlOCLAgAAeHAAAAAcdAARYmF0Y2gudGFza2xldFR5cGV0AD1vcmcuc3ByaW5nZnJhbWV3b3JrLmJhdGNoLmNvcmUuc3RlcC5pdGVtLkNodW5rT3JpZW50ZWRUYXNrbGV0dAANYmF0Y2gudmVyc2lvbnQABTUuMC4xdAAOYmF0Y2guc3RlcFR5cGV0ADdvcmcuc3ByaW5nZnJhbWV3b3JrLmJhdGNoLmNvcmUuc3RlcC50YXNrbGV0LlRhc2tsZXRTdGVweA==',NULL),(81,'rO0ABXNyABFqYXZhLnV0aWwuSGFzaE1hcAUH2sHDFmDRAwACRgAKbG9hZEZhY3RvckkACXRocmVzaG9sZHhwP0AAAAAAAAx3CAAAABAAAAAEdAAfUmVwb3NpdG9yeUl0ZW1SZWFkZXIucmVhZC5jb3VudHNyABFqYXZhLmxhbmcuSW50ZWdlchLioKT3gYc4AgABSQAFdmFsdWV4cgAQamF2YS5sYW5nLk51bWJlcoaslR0LlOCLAgAAeHAAAAAZdAARYmF0Y2gudGFza2xldFR5cGV0AD1vcmcuc3ByaW5nZnJhbWV3b3JrLmJhdGNoLmNvcmUuc3RlcC5pdGVtLkNodW5rT3JpZW50ZWRUYXNrbGV0dAANYmF0Y2gudmVyc2lvbnQABTUuMC4xdAAOYmF0Y2guc3RlcFR5cGV0ADdvcmcuc3ByaW5nZnJhbWV3b3JrLmJhdGNoLmNvcmUuc3RlcC50YXNrbGV0LlRhc2tsZXRTdGVweA==',NULL),(82,'rO0ABXNyABFqYXZhLnV0aWwuSGFzaE1hcAUH2sHDFmDRAwACRgAKbG9hZEZhY3RvckkACXRocmVzaG9sZHhwP0AAAAAAAAx3CAAAABAAAAAEdAAfUmVwb3NpdG9yeUl0ZW1SZWFkZXIucmVhZC5jb3VudHNyABFqYXZhLmxhbmcuSW50ZWdlchLioKT3gYc4AgABSQAFdmFsdWV4cgAQamF2YS5sYW5nLk51bWJlcoaslR0LlOCLAgAAeHAAAAAadAARYmF0Y2gudGFza2xldFR5cGV0AD1vcmcuc3ByaW5nZnJhbWV3b3JrLmJhdGNoLmNvcmUuc3RlcC5pdGVtLkNodW5rT3JpZW50ZWRUYXNrbGV0dAANYmF0Y2gudmVyc2lvbnQABTUuMC4xdAAOYmF0Y2guc3RlcFR5cGV0ADdvcmcuc3ByaW5nZnJhbWV3b3JrLmJhdGNoLmNvcmUuc3RlcC50YXNrbGV0LlRhc2tsZXRTdGVweA==',NULL),(83,'rO0ABXNyABFqYXZhLnV0aWwuSGFzaE1hcAUH2sHDFmDRAwACRgAKbG9hZEZhY3RvckkACXRocmVzaG9sZHhwP0AAAAAAAAx3CAAAABAAAAAEdAAfUmVwb3NpdG9yeUl0ZW1SZWFkZXIucmVhZC5jb3VudHNyABFqYXZhLmxhbmcuSW50ZWdlchLioKT3gYc4AgABSQAFdmFsdWV4cgAQamF2YS5sYW5nLk51bWJlcoaslR0LlOCLAgAAeHAAAAAcdAARYmF0Y2gudGFza2xldFR5cGV0AD1vcmcuc3ByaW5nZnJhbWV3b3JrLmJhdGNoLmNvcmUuc3RlcC5pdGVtLkNodW5rT3JpZW50ZWRUYXNrbGV0dAANYmF0Y2gudmVyc2lvbnQABTUuMC4xdAAOYmF0Y2guc3RlcFR5cGV0ADdvcmcuc3ByaW5nZnJhbWV3b3JrLmJhdGNoLmNvcmUuc3RlcC50YXNrbGV0LlRhc2tsZXRTdGVweA==',NULL),(84,'rO0ABXNyABFqYXZhLnV0aWwuSGFzaE1hcAUH2sHDFmDRAwACRgAKbG9hZEZhY3RvckkACXRocmVzaG9sZHhwP0AAAAAAAAx3CAAAABAAAAAEdAAfUmVwb3NpdG9yeUl0ZW1SZWFkZXIucmVhZC5jb3VudHNyABFqYXZhLmxhbmcuSW50ZWdlchLioKT3gYc4AgABSQAFdmFsdWV4cgAQamF2YS5sYW5nLk51bWJlcoaslR0LlOCLAgAAeHAAAAAcdAARYmF0Y2gudGFza2xldFR5cGV0AD1vcmcuc3ByaW5nZnJhbWV3b3JrLmJhdGNoLmNvcmUuc3RlcC5pdGVtLkNodW5rT3JpZW50ZWRUYXNrbGV0dAANYmF0Y2gudmVyc2lvbnQABTUuMC4xdAAOYmF0Y2guc3RlcFR5cGV0ADdvcmcuc3ByaW5nZnJhbWV3b3JrLmJhdGNoLmNvcmUuc3RlcC50YXNrbGV0LlRhc2tsZXRTdGVweA==',NULL),(85,'rO0ABXNyABFqYXZhLnV0aWwuSGFzaE1hcAUH2sHDFmDRAwACRgAKbG9hZEZhY3RvckkACXRocmVzaG9sZHhwP0AAAAAAAAx3CAAAABAAAAAEdAAfUmVwb3NpdG9yeUl0ZW1SZWFkZXIucmVhZC5jb3VudHNyABFqYXZhLmxhbmcuSW50ZWdlchLioKT3gYc4AgABSQAFdmFsdWV4cgAQamF2YS5sYW5nLk51bWJlcoaslR0LlOCLAgAAeHAAAAAedAARYmF0Y2gudGFza2xldFR5cGV0AD1vcmcuc3ByaW5nZnJhbWV3b3JrLmJhdGNoLmNvcmUuc3RlcC5pdGVtLkNodW5rT3JpZW50ZWRUYXNrbGV0dAANYmF0Y2gudmVyc2lvbnQABTUuMC4xdAAOYmF0Y2guc3RlcFR5cGV0ADdvcmcuc3ByaW5nZnJhbWV3b3JrLmJhdGNoLmNvcmUuc3RlcC50YXNrbGV0LlRhc2tsZXRTdGVweA==',NULL),(86,'rO0ABXNyABFqYXZhLnV0aWwuSGFzaE1hcAUH2sHDFmDRAwACRgAKbG9hZEZhY3RvckkACXRocmVzaG9sZHhwP0AAAAAAAAx3CAAAABAAAAAEdAAfUmVwb3NpdG9yeUl0ZW1SZWFkZXIucmVhZC5jb3VudHNyABFqYXZhLmxhbmcuSW50ZWdlchLioKT3gYc4AgABSQAFdmFsdWV4cgAQamF2YS5sYW5nLk51bWJlcoaslR0LlOCLAgAAeHAAAAAddAARYmF0Y2gudGFza2xldFR5cGV0AD1vcmcuc3ByaW5nZnJhbWV3b3JrLmJhdGNoLmNvcmUuc3RlcC5pdGVtLkNodW5rT3JpZW50ZWRUYXNrbGV0dAANYmF0Y2gudmVyc2lvbnQABTUuMC4xdAAOYmF0Y2guc3RlcFR5cGV0ADdvcmcuc3ByaW5nZnJhbWV3b3JrLmJhdGNoLmNvcmUuc3RlcC50YXNrbGV0LlRhc2tsZXRTdGVweA==',NULL),(87,'rO0ABXNyABFqYXZhLnV0aWwuSGFzaE1hcAUH2sHDFmDRAwACRgAKbG9hZEZhY3RvckkACXRocmVzaG9sZHhwP0AAAAAAAAx3CAAAABAAAAAEdAAfUmVwb3NpdG9yeUl0ZW1SZWFkZXIucmVhZC5jb3VudHNyABFqYXZhLmxhbmcuSW50ZWdlchLioKT3gYc4AgABSQAFdmFsdWV4cgAQamF2YS5sYW5nLk51bWJlcoaslR0LlOCLAgAAeHAAAAAcdAARYmF0Y2gudGFza2xldFR5cGV0AD1vcmcuc3ByaW5nZnJhbWV3b3JrLmJhdGNoLmNvcmUuc3RlcC5pdGVtLkNodW5rT3JpZW50ZWRUYXNrbGV0dAANYmF0Y2gudmVyc2lvbnQABTUuMC4xdAAOYmF0Y2guc3RlcFR5cGV0ADdvcmcuc3ByaW5nZnJhbWV3b3JrLmJhdGNoLmNvcmUuc3RlcC50YXNrbGV0LlRhc2tsZXRTdGVweA==',NULL),(88,'rO0ABXNyABFqYXZhLnV0aWwuSGFzaE1hcAUH2sHDFmDRAwACRgAKbG9hZEZhY3RvckkACXRocmVzaG9sZHhwP0AAAAAAAAx3CAAAABAAAAAEdAAfUmVwb3NpdG9yeUl0ZW1SZWFkZXIucmVhZC5jb3VudHNyABFqYXZhLmxhbmcuSW50ZWdlchLioKT3gYc4AgABSQAFdmFsdWV4cgAQamF2YS5sYW5nLk51bWJlcoaslR0LlOCLAgAAeHAAAAAedAARYmF0Y2gudGFza2xldFR5cGV0AD1vcmcuc3ByaW5nZnJhbWV3b3JrLmJhdGNoLmNvcmUuc3RlcC5pdGVtLkNodW5rT3JpZW50ZWRUYXNrbGV0dAANYmF0Y2gudmVyc2lvbnQABTUuMC4xdAAOYmF0Y2guc3RlcFR5cGV0ADdvcmcuc3ByaW5nZnJhbWV3b3JrLmJhdGNoLmNvcmUuc3RlcC50YXNrbGV0LlRhc2tsZXRTdGVweA==',NULL),(89,'rO0ABXNyABFqYXZhLnV0aWwuSGFzaE1hcAUH2sHDFmDRAwACRgAKbG9hZEZhY3RvckkACXRocmVzaG9sZHhwP0AAAAAAAAx3CAAAABAAAAAEdAAfUmVwb3NpdG9yeUl0ZW1SZWFkZXIucmVhZC5jb3VudHNyABFqYXZhLmxhbmcuSW50ZWdlchLioKT3gYc4AgABSQAFdmFsdWV4cgAQamF2YS5sYW5nLk51bWJlcoaslR0LlOCLAgAAeHAAAAAcdAARYmF0Y2gudGFza2xldFR5cGV0AD1vcmcuc3ByaW5nZnJhbWV3b3JrLmJhdGNoLmNvcmUuc3RlcC5pdGVtLkNodW5rT3JpZW50ZWRUYXNrbGV0dAANYmF0Y2gudmVyc2lvbnQABTUuMC4xdAAOYmF0Y2guc3RlcFR5cGV0ADdvcmcuc3ByaW5nZnJhbWV3b3JrLmJhdGNoLmNvcmUuc3RlcC50YXNrbGV0LlRhc2tsZXRTdGVweA==',NULL),(90,'rO0ABXNyABFqYXZhLnV0aWwuSGFzaE1hcAUH2sHDFmDRAwACRgAKbG9hZEZhY3RvckkACXRocmVzaG9sZHhwP0AAAAAAAAx3CAAAABAAAAAEdAAfUmVwb3NpdG9yeUl0ZW1SZWFkZXIucmVhZC5jb3VudHNyABFqYXZhLmxhbmcuSW50ZWdlchLioKT3gYc4AgABSQAFdmFsdWV4cgAQamF2YS5sYW5nLk51bWJlcoaslR0LlOCLAgAAeHAAAAAddAARYmF0Y2gudGFza2xldFR5cGV0AD1vcmcuc3ByaW5nZnJhbWV3b3JrLmJhdGNoLmNvcmUuc3RlcC5pdGVtLkNodW5rT3JpZW50ZWRUYXNrbGV0dAANYmF0Y2gudmVyc2lvbnQABTUuMC4xdAAOYmF0Y2guc3RlcFR5cGV0ADdvcmcuc3ByaW5nZnJhbWV3b3JrLmJhdGNoLmNvcmUuc3RlcC50YXNrbGV0LlRhc2tsZXRTdGVweA==',NULL),(91,'rO0ABXNyABFqYXZhLnV0aWwuSGFzaE1hcAUH2sHDFmDRAwACRgAKbG9hZEZhY3RvckkACXRocmVzaG9sZHhwP0AAAAAAAAx3CAAAABAAAAAEdAAfUmVwb3NpdG9yeUl0ZW1SZWFkZXIucmVhZC5jb3VudHNyABFqYXZhLmxhbmcuSW50ZWdlchLioKT3gYc4AgABSQAFdmFsdWV4cgAQamF2YS5sYW5nLk51bWJlcoaslR0LlOCLAgAAeHAAAAAedAARYmF0Y2gudGFza2xldFR5cGV0AD1vcmcuc3ByaW5nZnJhbWV3b3JrLmJhdGNoLmNvcmUuc3RlcC5pdGVtLkNodW5rT3JpZW50ZWRUYXNrbGV0dAANYmF0Y2gudmVyc2lvbnQABTUuMC4xdAAOYmF0Y2guc3RlcFR5cGV0ADdvcmcuc3ByaW5nZnJhbWV3b3JrLmJhdGNoLmNvcmUuc3RlcC50YXNrbGV0LlRhc2tsZXRTdGVweA==',NULL),(92,'rO0ABXNyABFqYXZhLnV0aWwuSGFzaE1hcAUH2sHDFmDRAwACRgAKbG9hZEZhY3RvckkACXRocmVzaG9sZHhwP0AAAAAAAAx3CAAAABAAAAAEdAAfUmVwb3NpdG9yeUl0ZW1SZWFkZXIucmVhZC5jb3VudHNyABFqYXZhLmxhbmcuSW50ZWdlchLioKT3gYc4AgABSQAFdmFsdWV4cgAQamF2YS5sYW5nLk51bWJlcoaslR0LlOCLAgAAeHAAAAAcdAARYmF0Y2gudGFza2xldFR5cGV0AD1vcmcuc3ByaW5nZnJhbWV3b3JrLmJhdGNoLmNvcmUuc3RlcC5pdGVtLkNodW5rT3JpZW50ZWRUYXNrbGV0dAANYmF0Y2gudmVyc2lvbnQABTUuMC4xdAAOYmF0Y2guc3RlcFR5cGV0ADdvcmcuc3ByaW5nZnJhbWV3b3JrLmJhdGNoLmNvcmUuc3RlcC50YXNrbGV0LlRhc2tsZXRTdGVweA==',NULL),(93,'rO0ABXNyABFqYXZhLnV0aWwuSGFzaE1hcAUH2sHDFmDRAwACRgAKbG9hZEZhY3RvckkACXRocmVzaG9sZHhwP0AAAAAAAAx3CAAAABAAAAAEdAAfUmVwb3NpdG9yeUl0ZW1SZWFkZXIucmVhZC5jb3VudHNyABFqYXZhLmxhbmcuSW50ZWdlchLioKT3gYc4AgABSQAFdmFsdWV4cgAQamF2YS5sYW5nLk51bWJlcoaslR0LlOCLAgAAeHAAAAAedAARYmF0Y2gudGFza2xldFR5cGV0AD1vcmcuc3ByaW5nZnJhbWV3b3JrLmJhdGNoLmNvcmUuc3RlcC5pdGVtLkNodW5rT3JpZW50ZWRUYXNrbGV0dAANYmF0Y2gudmVyc2lvbnQABTUuMC4xdAAOYmF0Y2guc3RlcFR5cGV0ADdvcmcuc3ByaW5nZnJhbWV3b3JrLmJhdGNoLmNvcmUuc3RlcC50YXNrbGV0LlRhc2tsZXRTdGVweA==',NULL),(94,'rO0ABXNyABFqYXZhLnV0aWwuSGFzaE1hcAUH2sHDFmDRAwACRgAKbG9hZEZhY3RvckkACXRocmVzaG9sZHhwP0AAAAAAAAx3CAAAABAAAAAEdAAfUmVwb3NpdG9yeUl0ZW1SZWFkZXIucmVhZC5jb3VudHNyABFqYXZhLmxhbmcuSW50ZWdlchLioKT3gYc4AgABSQAFdmFsdWV4cgAQamF2YS5sYW5nLk51bWJlcoaslR0LlOCLAgAAeHAAAAAcdAARYmF0Y2gudGFza2xldFR5cGV0AD1vcmcuc3ByaW5nZnJhbWV3b3JrLmJhdGNoLmNvcmUuc3RlcC5pdGVtLkNodW5rT3JpZW50ZWRUYXNrbGV0dAANYmF0Y2gudmVyc2lvbnQABTUuMC4xdAAOYmF0Y2guc3RlcFR5cGV0ADdvcmcuc3ByaW5nZnJhbWV3b3JrLmJhdGNoLmNvcmUuc3RlcC50YXNrbGV0LlRhc2tsZXRTdGVweA==',NULL),(95,'rO0ABXNyABFqYXZhLnV0aWwuSGFzaE1hcAUH2sHDFmDRAwACRgAKbG9hZEZhY3RvckkACXRocmVzaG9sZHhwP0AAAAAAAAx3CAAAABAAAAAEdAAfUmVwb3NpdG9yeUl0ZW1SZWFkZXIucmVhZC5jb3VudHNyABFqYXZhLmxhbmcuSW50ZWdlchLioKT3gYc4AgABSQAFdmFsdWV4cgAQamF2YS5sYW5nLk51bWJlcoaslR0LlOCLAgAAeHAAAAAddAARYmF0Y2gudGFza2xldFR5cGV0AD1vcmcuc3ByaW5nZnJhbWV3b3JrLmJhdGNoLmNvcmUuc3RlcC5pdGVtLkNodW5rT3JpZW50ZWRUYXNrbGV0dAANYmF0Y2gudmVyc2lvbnQABTUuMC4xdAAOYmF0Y2guc3RlcFR5cGV0ADdvcmcuc3ByaW5nZnJhbWV3b3JrLmJhdGNoLmNvcmUuc3RlcC50YXNrbGV0LlRhc2tsZXRTdGVweA==',NULL),(96,'rO0ABXNyABFqYXZhLnV0aWwuSGFzaE1hcAUH2sHDFmDRAwACRgAKbG9hZEZhY3RvckkACXRocmVzaG9sZHhwP0AAAAAAAAx3CAAAABAAAAAEdAAfUmVwb3NpdG9yeUl0ZW1SZWFkZXIucmVhZC5jb3VudHNyABFqYXZhLmxhbmcuSW50ZWdlchLioKT3gYc4AgABSQAFdmFsdWV4cgAQamF2YS5sYW5nLk51bWJlcoaslR0LlOCLAgAAeHAAAAAadAARYmF0Y2gudGFza2xldFR5cGV0AD1vcmcuc3ByaW5nZnJhbWV3b3JrLmJhdGNoLmNvcmUuc3RlcC5pdGVtLkNodW5rT3JpZW50ZWRUYXNrbGV0dAANYmF0Y2gudmVyc2lvbnQABTUuMC4xdAAOYmF0Y2guc3RlcFR5cGV0ADdvcmcuc3ByaW5nZnJhbWV3b3JrLmJhdGNoLmNvcmUuc3RlcC50YXNrbGV0LlRhc2tsZXRTdGVweA==',NULL);
/*!40000 ALTER TABLE `BATCH_STEP_EXECUTION_CONTEXT` ENABLE KEYS */;
UNLOCK TABLES;

--
-- Table structure for table `BATCH_STEP_EXECUTION_SEQ`
--

DROP TABLE IF EXISTS `BATCH_STEP_EXECUTION_SEQ`;
/*!40101 SET @saved_cs_client     = @@character_set_client */;
/*!50503 SET character_set_client = utf8mb4 */;
CREATE TABLE `BATCH_STEP_EXECUTION_SEQ` (
  `ID` bigint NOT NULL,
  `UNIQUE_KEY` char(1) NOT NULL,
  UNIQUE KEY `UNIQUE_KEY_UN` (`UNIQUE_KEY`)
) ENGINE=InnoDB DEFAULT CHARSET=utf8mb4 COLLATE=utf8mb4_0900_ai_ci;
/*!40101 SET character_set_client = @saved_cs_client */;

--
-- Dumping data for table `BATCH_STEP_EXECUTION_SEQ`
--

LOCK TABLES `BATCH_STEP_EXECUTION_SEQ` WRITE;
/*!40000 ALTER TABLE `BATCH_STEP_EXECUTION_SEQ` DISABLE KEYS */;
INSERT INTO `BATCH_STEP_EXECUTION_SEQ` VALUES (96,'0');
/*!40000 ALTER TABLE `BATCH_STEP_EXECUTION_SEQ` ENABLE KEYS */;
UNLOCK TABLES;

--
-- Table structure for table `customer`
--

DROP TABLE IF EXISTS `customer`;
/*!40101 SET @saved_cs_client     = @@character_set_client */;
/*!50503 SET character_set_client = utf8mb4 */;
CREATE TABLE `customer` (
  `id` int NOT NULL AUTO_INCREMENT,
  `created_at` datetime(6) DEFAULT NULL,
  `updated_at` datetime(6) DEFAULT NULL,
  `email` varchar(255) DEFAULT NULL,
  `firstname` varchar(255) DEFAULT NULL,
  `lastname` varchar(255) DEFAULT NULL,
  `phone` varchar(255) DEFAULT NULL,
  PRIMARY KEY (`id`)
) ENGINE=InnoDB AUTO_INCREMENT=4 DEFAULT CHARSET=utf8mb4 COLLATE=utf8mb4_0900_ai_ci;
/*!40101 SET character_set_client = @saved_cs_client */;

--
-- Dumping data for table `customer`
--

LOCK TABLES `customer` WRITE;
/*!40000 ALTER TABLE `customer` DISABLE KEYS */;
INSERT INTO `customer` VALUES (1,'2023-04-07 10:26:47.430295','2023-04-07 10:26:47.430664','umitsayin1661@gmail.com','mit','Sayn','111222333'),(2,'2023-04-07 10:27:01.543251','2023-04-07 10:27:01.543287','tests2@gmail.com','Burak','Yapc','111222333'),(3,'2023-04-07 10:27:07.116891','2023-04-07 10:27:07.116930','tfd@gmail.com','dasd','gfgf','111222333');
/*!40000 ALTER TABLE `customer` ENABLE KEYS */;
UNLOCK TABLES;

--
-- Table structure for table `invoice`
--

DROP TABLE IF EXISTS `invoice`;
/*!40101 SET @saved_cs_client     = @@character_set_client */;
/*!50503 SET character_set_client = utf8mb4 */;
CREATE TABLE `invoice` (
  `id` int NOT NULL AUTO_INCREMENT,
  `created_at` datetime(6) DEFAULT NULL,
  `updated_at` datetime(6) DEFAULT NULL,
  `currency` varchar(255) DEFAULT NULL,
  `name` varchar(255) DEFAULT NULL,
  `total_price` double NOT NULL,
  `customer_id` int DEFAULT NULL,
  PRIMARY KEY (`id`),
  KEY `FK5e32ukwo9uknwhylogvta4po6` (`customer_id`),
  CONSTRAINT `FK5e32ukwo9uknwhylogvta4po6` FOREIGN KEY (`customer_id`) REFERENCES `customer` (`id`)
) ENGINE=InnoDB AUTO_INCREMENT=26 DEFAULT CHARSET=utf8mb4 COLLATE=utf8mb4_0900_ai_ci;
/*!40101 SET character_set_client = @saved_cs_client */;

--
-- Dumping data for table `invoice`
--

LOCK TABLES `invoice` WRITE;
/*!40000 ALTER TABLE `invoice` DISABLE KEYS */;
INSERT INTO `invoice` VALUES (1,'2023-04-07 10:27:32.635674','2023-04-07 10:27:32.635726','TL','Test',11110,1),(2,'2023-04-07 10:27:34.852770','2023-04-07 10:27:34.852813','TL','Test 2',11110,1),(3,'2023-04-07 10:27:37.696889','2023-04-07 10:27:37.696965','TL','Test  3 ',11110,1),(4,'2023-04-07 10:27:39.737721','2023-04-07 10:27:39.737766','TL','Test  5 ',11110,1),(5,'2023-04-07 10:27:45.906774','2023-04-07 10:27:45.906805','TL','Test2  5 ',11110,2),(6,'2023-04-07 10:27:47.608122','2023-04-07 10:27:47.608158','TL','Test2  5 ',11110,2),(7,'2023-04-07 10:27:47.771542','2023-04-07 10:27:47.771571','TL','Test2  5 ',11110,2),(8,'2023-04-07 10:27:47.935636','2023-04-07 10:27:47.935672','TL','Test2  5 ',11110,2),(9,'2023-04-07 10:27:48.113613','2023-04-07 10:27:48.113693','TL','Test2  5 ',11110,2),(10,'2023-04-07 10:27:48.274592','2023-04-07 10:27:48.274620','TL','Test2  5 ',11110,2),(11,'2023-04-07 10:27:54.021858','2023-04-07 10:27:54.021889','TL','Test2  5 ',11110,3),(12,'2023-04-07 10:27:54.173272','2023-04-07 10:27:54.173298','TL','Test2  5 ',11110,3),(13,'2023-04-07 10:27:54.308528','2023-04-07 10:27:54.308554','TL','Test2  5 ',11110,3),(14,'2023-04-07 10:27:54.477626','2023-04-07 10:27:54.477651','TL','Test2  5 ',11110,3),(15,'2023-04-07 10:27:54.629086','2023-04-07 10:27:54.629121','TL','Test2  5 ',11110,3),(16,'2023-04-07 10:27:54.764444','2023-04-07 10:27:54.764467','TL','Test2  5 ',11110,3),(17,'2023-04-07 10:27:54.937186','2023-04-07 10:27:54.937212','TL','Test2  5 ',11110,3),(18,'2023-04-07 10:27:55.203945','2023-04-07 10:27:55.203970','TL','Test2  5 ',11110,3),(19,'2023-04-07 10:27:55.380705','2023-04-07 10:27:55.380729','TL','Test2  5 ',11110,3),(20,'2023-04-07 10:27:55.518446','2023-04-07 10:27:55.518467','TL','Test2  5 ',11110,3),(21,'2023-04-07 10:27:55.674243','2023-04-07 10:27:55.674267','TL','Test2  5 ',11110,3),(22,'2023-04-07 10:27:55.833690','2023-04-07 10:27:55.833712','TL','Test2  5 ',11110,3),(23,'2023-04-07 10:27:56.015371','2023-04-07 10:27:56.015395','TL','Test2  5 ',11110,3),(24,'2023-04-07 10:27:56.206767','2023-04-07 10:27:56.206792','TL','Test2  5 ',11110,3),(25,'2023-04-07 10:27:56.393046','2023-04-07 10:27:56.393070','TL','Test2  5 ',11110,3);
/*!40000 ALTER TABLE `invoice` ENABLE KEYS */;
UNLOCK TABLES;
/*!40103 SET TIME_ZONE=@OLD_TIME_ZONE */;

/*!40101 SET SQL_MODE=@OLD_SQL_MODE */;
/*!40014 SET FOREIGN_KEY_CHECKS=@OLD_FOREIGN_KEY_CHECKS */;
/*!40014 SET UNIQUE_CHECKS=@OLD_UNIQUE_CHECKS */;
/*!40101 SET CHARACTER_SET_CLIENT=@OLD_CHARACTER_SET_CLIENT */;
/*!40101 SET CHARACTER_SET_RESULTS=@OLD_CHARACTER_SET_RESULTS */;
/*!40101 SET COLLATION_CONNECTION=@OLD_COLLATION_CONNECTION */;
/*!40111 SET SQL_NOTES=@OLD_SQL_NOTES */;

-- Dump completed on 2023-04-07  9:31:41
